tourney_id,surface,winner_id,loser_id
2018-5014,Hard,103819,105138
2018-540,Grass,105223,104468
2018-0321,Grass,103852,104678
2018-0341,Hard,120424,104999
2018-7485,Hard,104542,105550
2018-560,Hard,104926,111581
2018-0314,Clay,126610,105138
2018-5014,Hard,105023,126203
2018-0321,Grass,103852,104468
2018-580,Hard,105173,126610
2018-580,Hard,105023,103852
2018-580,Hard,103819,105379
2018-580,Hard,104607,104198
2018-M-DC-2018-G2-EPA-M-GEO-MAR-01,Clay,104467,106106
2018-0424,Hard,105173,104629
2018-0407,Hard,103819,105777
2018-0499,Hard,126207,105051
2018-M006,Hard,105311,104022
2018-7648,Clay,132283,128034
2018-0314,Clay,105138,106121
2018-560,Hard,100644,105166
2018-0308,Clay,105916,106065
2018-0414,Clay,104755,105332
2018-6967,Hard,111815,106432
2018-0352,Hard,106432,106421
2018-7581,Hard,200000,111202
2018-0352,Hard,111575,104925
2018-7163,Clay,104291,111513
2018-M-DC-2018-WG-M-HUN-BEL-01,Hard,105676,105226
2018-M006,Hard,105023,104999
2018-M-DC-2018-G2-AM-M-VEN-URU-01,Clay,104655,105961
2018-M009,Clay,104745,133430
2018-520,Clay,104925,144719
2018-M010,Grass,105539,105015
2018-7650,Grass,106000,105657
2018-540,Grass,106421,104198
2018-0439,Clay,106065,105477
2018-0421,Hard,105732,105077
2018-6967,Hard,105077,104312
2018-540,Grass,105453,106071
2018-0421,Hard,125802,105992
2018-M014,Hard,106421,105583
2018-540,Grass,104545,105430
2018-6242,Hard,105807,105376
2018-M007,Hard,105683,144707
2018-0891,Hard,125802,111576
2018-0891,Hard,104898,111797
2018-580,Hard,105223,111575
2018-0424,Hard,105453,105430
2018-0499,Hard,105015,122330
2018-M006,Hard,200282,105526
2018-7648,Clay,126610,105226
2018-7694,Clay,109739,104792
2018-0311,Grass,105023,104527
2018-0315,Grass,104180,104571
2018-0316,Clay,104755,105589
2018-0315,Grass,104534,103333
2018-560,Hard,105676,105526
2018-0337,Hard,105023,104542
2018-0429,Hard,105208,133430
2018-560,Hard,105453,105227
2018-0451,Hard,106432,105807
2018-7434,Hard,104678,104797
2018-M006,Hard,103852,124014
2018-7163,Clay,106121,104291
2018-M009,Clay,100644,105676
2018-520,Clay,104269,105819
2018-M010,Grass,104291,126845
2018-7650,Grass,105732,105216
2018-0314,Clay,126610,103852
2018-560,Hard,105062,111202
2018-M-DC-2018-G2-AO-M-THA-LBN-01,Hard,200273,207139
2018-M035,Hard,133430,106421
2018-0337,Hard,104731,104269
2018-0568,Hard,104022,105806
2018-0319,Clay,105373,105583
2018-7650,Grass,104198,106121
2018-0352,Hard,106421,105807
2018-0341,Hard,105575,109739
2018-M035,Hard,126094,126205
2018-520,Clay,104269,106415
2018-0425,Clay,126774,106043
2018-580,Hard,104180,104291
2018-580,Hard,105916,105023
2018-M-DC-2018-G1-EPA-M-AUT-BLR-01,Clay,106233,125802
2018-M-DC-2018-WG-M-ITA-JPN-01,Hard,104926,105216
2018-7648,Clay,120424,105916
2018-M007,Hard,106043,111797
2018-0424,Hard,104731,126207
2018-M006,Hard,200000,105577
2018-7694,Clay,104468,105515
2018-0329,Hard,104527,126203
2018-560,Hard,104918,105902
2018-0329,Hard,106421,105453
2018-0314,Clay,105634,104898
2018-560,Hard,105676,105943
2018-0451,Hard,105550,105077
2018-0891,Hard,106120,106210
2018-M006,Hard,106058,105341
2018-0308,Clay,134770,105657
2018-0410,Clay,106421,105916
2018-M009,Clay,105227,105807
2018-520,Clay,105777,111577
2018-7650,Grass,106210,104269
2018-0439,Clay,105550,104898
2018-0314,Clay,105132,105870
2018-560,Hard,105583,111815
2018-560,Hard,104925,105916
2018-6116,Hard,104545,105051
2018-0500,Grass,103819,105051
2018-560,Hard,104755,111513
2018-0341,Hard,104755,106005
2018-0605,Hard,103819,106233
2018-580,Hard,105227,105311
2018-580,Hard,106044,105041
2018-0424,Hard,105023,105173
2018-M006,Hard,104534,105376
2018-M007,Hard,105332,104925
2018-0425,Clay,105138,103333
2018-7648,Clay,109739,104678
2018-M-DC-2018-G2-EPA-M-FIN-LTU-01,Hard,105575,105349
2018-0311,Grass,104925,104871
2018-540,Grass,103819,105583
2018-6967,Hard,104269,104918
2018-0421,Hard,104745,126774
2018-7581,Hard,105062,105815
2018-540,Grass,126610,106058
2018-M015,Hard,103852,106432
2018-6967,Hard,105077,104678
2018-M024,Hard,105807,104755
2018-0425,Clay,105173,104655
2018-M-DC-2018-WG-M-KAZ-SUI-01,Hard,122078,106391
2018-M006,Hard,106121,111815
2018-M006,Hard,104731,105539
2018-M-DC-2018-G2-EPA-M-FIN-LTU-01,Hard,105349,105827
2018-0308,Clay,104999,104890
2018-M009,Clay,104925,105453
2018-520,Clay,106233,126774
2018-7650,Grass,105932,105583
2018-0414,Clay,105379,105967
2018-M015,Hard,105223,104926
2018-560,Hard,111575,105077
2018-0429,Hard,126774,104926
2018-0414,Clay,105932,111797
2018-0328,Hard,104468,104919
2018-0321,Grass,104797,104252
2018-580,Hard,104755,132283
2018-0424,Hard,104731,105453
2018-0499,Hard,105376,105041
2018-M006,Hard,104571,106415
2018-M007,Hard,105936,106281
2018-7648,Clay,105357,105430
2018-7694,Clay,111815,109739
2018-7650,Grass,104198,104898
2018-540,Grass,105041,126127
2018-540,Grass,103898,105916
2018-7480,Hard,104926,106415
2018-0328,Hard,103819,105657
2018-0568,Hard,105062,104797
2018-0319,Clay,111797,126610
2018-M016,Grass,104919,104468
2018-M009,Clay,104745,106000
2018-M035,Hard,104291,105539
2018-540,Grass,104745,106210
2018-0352,Hard,111575,100644
2018-0451,Hard,104792,103893
2018-M-DC-2018-G1-AM-M-CHI-ECU-01,Clay,111797,105933
2018-7161,Clay,134770,104122
2018-M006,Hard,106044,106000
2018-0308,Clay,104259,103333
2018-0425,Clay,104719,105062
2018-M009,Clay,104745,104926
2018-520,Clay,105023,126207
2018-520,Clay,126610,105208
2018-0311,Grass,105227,104180
2018-6242,Hard,106378,104919
2018-0316,Clay,105589,144895
2018-7485,Hard,106210,144719
2018-560,Hard,105357,202385
2018-6116,Hard,105992,111202
2018-7290,Clay,105311,106421
2018-0891,Hard,106368,106148
2018-0301,Hard,105311,105385
2018-580,Hard,106415,104259
2018-580,Hard,103819,105526
2018-0424,Hard,104731,105023
2018-M006,Hard,106026,103917
2018-7648,Clay,106065,106000
2018-M007,Hard,105453,105357
2018-M009,Clay,132283,105173
2018-0314,Clay,103852,106177
2018-7485,Hard,104792,106043
2018-0414,Clay,111797,105376
2018-0352,Hard,106058,104755
2018-M035,Hard,200282,126094
2018-7581,Hard,106071,144750
2018-0308,Clay,109739,104460
2018-0301,Hard,105376,105065
2018-M006,Hard,106421,126610
2018-M-DC-2018-G2-AO-M-HKG-LBN-01,Hard,133975,138846
2018-M-DC-2018-G2-AO-M-THA-PHI-01,Clay,106397,106150
2018-7290,Clay,105155,104468
2018-M009,Clay,100644,105227
2018-0322,Clay,104312,126523
2018-520,Clay,105453,105332
2018-0500,Grass,105932,200484
2018-0421,Hard,111575,105936
2018-6967,Hard,106368,106210
2018-540,Grass,105208,106000
2018-0421,Hard,126207,105683
2018-0316,Clay,104269,105807
2018-540,Grass,126774,105341
2018-7648,Clay,105526,122330
2018-M007,Hard,105223,104898
2018-580,Hard,105777,110602
2018-580,Hard,105041,105683
2018-580,Hard,104745,106000
2018-M-DC-2018-WG-M-HUN-BEL-01,Hard,105074,105916
2018-0407,Hard,105777,105216
2018-M-DC-2018-G2-AO-M-HKG-LBN-01,Hard,200273,124022
2018-M006,Hard,104999,105062
2018-0425,Clay,105676,104719
2018-0315,Grass,104719,111574
2018-M014,Hard,105173,104312
2018-560,Hard,105453,106043
2018-0337,Hard,111575,110602
2018-540,Grass,105227,106415
2018-0319,Clay,106121,105526
2018-580,Hard,105916,105430
2018-M006,Hard,105807,104547
2018-M009,Clay,104745,104925
2018-520,Clay,104468,105023
2018-7650,Grass,105311,105806
2018-0439,Clay,200000,105413
2018-0311,Grass,106401,106378
2018-6242,Hard,105807,105015
2018-560,Hard,106233,126203
2018-560,Hard,104925,105357
2018-0337,Hard,105453,105062
2018-M-DC-2018-WG-PO-HUN-CZE-01,Clay,200436,106210
2018-520,Clay,105132,106058
2018-0352,Hard,104755,133430
2018-0341,Hard,105916,105173
2018-M035,Hard,105676,105732
2018-540,Grass,105332,105359
2018-M024,Hard,105807,104898
2018-M006,Hard,124014,126207
2018-0425,Clay,105077,104297
2018-7648,Clay,105932,133430
2018-580,Hard,106043,105238
2018-580,Hard,132283,104898
2018-7434,Hard,105373,200574
2018-M007,Hard,106058,106026
2018-0407,Hard,105936,200000
2018-0499,Hard,105449,105932
2018-M-DC-2018-G2-AM-M-MEX-PER-01,Hard,126190,106250
2018-0314,Clay,111513,104797
2018-0329,Hard,104871,106000
2018-6242,Hard,106148,105550
2018-560,Hard,104269,103852
2018-5014,Hard,104871,109739
2018-0314,Clay,105138,144719
2018-5014,Hard,103819,106421
2018-M006,Hard,105138,111577
2018-0301,Hard,103970,200059
2018-7434,Hard,105657,104882
2018-0308,Clay,106065,104926
2018-M009,Clay,104745,100644
2018-520,Clay,106298,111815
2018-0321,Grass,109739,105634
2018-0311,Grass,105227,105023
2018-7650,Grass,105173,105575
2018-6242,Hard,106148,105077
2018-560,Hard,105815,104678
2018-6116,Hard,105051,104571
2018-0500,Grass,106432,105138
2018-560,Hard,106298,104571
2018-0341,Hard,104468,105936
2018-0605,Hard,100644,105227
2018-M006,Hard,105341,105614
2018-580,Hard,105807,104180
2018-M020,Hard,105357,105166
2018-0891,Hard,104731,106329
2018-0301,Hard,111575,105216
2018-M-DC-2018-G1-AM-M-DOM-BRA-01,Hard,106252,106232
2018-7434,Hard,104571,105173
2018-0407,Hard,103819,104898
2018-7648,Clay,104312,104022
2018-M007,Hard,106432,104919
2018-0421,Hard,104527,105916
2018-6967,Hard,105732,200282
2018-7694,Clay,104198,105173
2018-M024,Hard,105376,105311
2018-7581,Hard,105577,105430
2018-M015,Hard,105936,104999
2018-6967,Hard,105732,105077
2018-M024,Hard,105614,109739
2018-580,Hard,106044,111442
2018-7434,Hard,104797,202090
2018-M006,Hard,106432,105077
2018-0425,Clay,105777,104468
2018-0308,Clay,105806,104792
2018-0322,Clay,111511,104571
2018-520,Clay,111575,104198
2018-M010,Grass,105051,104180
2018-0311,Grass,106421,106058
2018-7650,Grass,106000,105732
2018-6242,Hard,106378,106148
2018-M015,Hard,105932,105223
2018-M021,Clay,104898,111202
2018-0429,Hard,105208,104545
2018-0429,Hard,106045,104198
2018-540,Grass,104731,105613
2018-0328,Hard,105526,105357
2018-0321,Grass,104607,105332
2018-M-DC-2018-WG-PO-CAN-NED-01,Hard,133430,104898
2018-580,Hard,105227,105992
2018-M-DC-2018-G1-AM-M-CHI-ECU-01,Clay,111797,105111
2018-M020,Hard,200282,105449
2018-M020,Hard,106401,105051
2018-0451,Hard,126094,105649
2018-580,Hard,105216,106058
2018-7648,Clay,105379,126610
2018-M007,Hard,133430,106000
2018-0311,Grass,104871,105065
2018-0311,Grass,105227,104269
2018-7650,Grass,104792,104882
2018-7480,Hard,111815,103852
2018-0337,Hard,105062,105777
2018-M021,Clay,105583,105223
2018-M035,Hard,105453,105385
2018-0429,Hard,104926,105041
2018-0337,Hard,104731,105932
2018-0319,Clay,126610,105430
2018-M016,Grass,104999,111797
2018-520,Clay,111815,105376
2018-540,Grass,104731,103819
2018-M020,Hard,111581,105643
2018-M-DC-2018-G1-EPA-M-AUT-BLR-01,Clay,110602,106138
2018-M-DC-2018-G2-EPA-M-EGY-NOR-01,Hard,126174,200483
2018-7434,Hard,104678,105208
2018-0499,Hard,104022,104534
2018-M006,Hard,126203,126094
2018-0425,Clay,105373,105643
2018-M-DC-2018-G2-EPA-M-FIN-LTU-01,Hard,200325,105827
2018-0308,Clay,105916,105550
2018-0322,Clay,105815,104890
2018-0500,Grass,104312,126610
2018-7485,Hard,105526,106005
2018-0414,Clay,106043,134770
2018-580,Hard,105777,126094
2018-0375,Hard,105074,123921
2018-0424,Hard,105023,103333
2018-6932,Clay,104655,106329
2018-M007,Hard,105023,105430
2018-7648,Clay,132283,104755
2018-0425,Clay,106233,144719
2018-M009,Clay,105453,103852
2018-7694,Clay,104468,105062
2018-0321,Grass,105432,133430
2018-7485,Hard,106378,104755
2018-560,Hard,105223,106045
2018-540,Grass,104925,106378
2018-0414,Clay,105357,105526
2018-0352,Hard,104291,104269
2018-M035,Hard,100644,126774
2018-580,Hard,106421,106423
2018-580,Hard,104755,104882
2018-0499,Hard,133430,103333
2018-M006,Hard,104269,105777
2018-0308,Clay,104897,105062
2018-0322,Clay,105806,104999
2018-7694,Clay,105583,106110
2018-520,Clay,100644,105583
2018-7650,Grass,105732,105643
2018-7650,Grass,104792,104198
2018-0421,Hard,105807,106415
2018-7581,Hard,104291,105173
2018-7696,Hard,126203,132482
2018-0321,Grass,104797,104259
2018-540,Grass,100644,126203
2018-0421,Hard,105777,104269
2018-0316,Clay,104620,106043
2018-7648,Clay,120424,109739
2018-M007,Hard,104926,200095
2018-580,Hard,106233,105550
2018-580,Hard,106401,104542
2018-0424,Hard,103333,105992
2018-0407,Hard,104259,111575
2018-M-DC-2018-G2-AO-M-THA-PHI-01,Clay,207139,200460
2018-7694,Clay,105583,104547
2018-540,Grass,105550,106186
2018-0316,Clay,106329,111200
2018-0439,Clay,105477,105539
2018-0315,Grass,105449,104719
2018-560,Hard,104259,100644
2018-M021,Clay,106233,104731
2018-0439,Clay,106065,106210
2018-M006,Hard,106233,126774
2018-0425,Clay,105807,105332
2018-0891,Hard,104468,105815
2018-580,Hard,104269,105138
2018-580,Hard,106401,104678
2018-7434,Hard,105806,105657
2018-0499,Hard,105683,106121
2018-M-DC-2018-G2-EPA-M-ROU-MAR-01,Hard,105657,144760
2018-0308,Clay,105373,104252
2018-M009,Clay,106378,106298
2018-0311,Grass,104871,106421
2018-560,Hard,105223,104745
2018-0337,Hard,104731,105453
2018-0319,Clay,111797,104269
2018-0352,Hard,104269,104871
2018-0341,Hard,106005,105132
2018-0425,Clay,106075,105550
2018-7648,Clay,105357,106298
2018-0451,Hard,103852,104198
2018-580,Hard,105227,105577
2018-580,Hard,106378,105932
2018-M007,Hard,106401,105583
2018-M009,Clay,104898,106421
2018-0316,Clay,105155,105430
2018-6116,Hard,126207,105657
2018-0314,Clay,126610,105430
2018-0329,Hard,105526,105227
2018-6242,Hard,144719,111790
2018-520,Clay,105732,104871
2018-560,Hard,106432,104252
2018-5014,Hard,111202,128034
2018-0315,Grass,111442,105902
2018-5014,Hard,104925,106065
2018-560,Hard,200005,123768
2018-0891,Hard,105062,111513
2018-7434,Hard,104180,104312
2018-M006,Hard,104655,133430
2018-0425,Clay,106148,104890
2018-0308,Clay,120424,105216
2018-520,Clay,109739,105132
2018-M010,Grass,126774,104291
2018-0321,Grass,105683,104607
2018-0311,Grass,105683,106026
2018-7650,Grass,106000,106210
2018-560,Hard,104731,104871
2018-0314,Clay,126610,105132
2018-0500,Grass,103819,106045
2018-560,Hard,105311,105807
2018-0341,Hard,120424,105332
2018-M-DC-2018-G2-EPA-M-FIN-LTU-01,Hard,105575,200325
2018-0425,Clay,104291,124014
2018-580,Hard,106210,106324
2018-580,Hard,104745,104919
2018-580,Hard,104312,103333
2018-7434,Hard,106075,104571
2018-0407,Hard,104607,104678
2018-0499,Hard,124187,105992
2018-7648,Clay,106065,105526
2018-M007,Hard,103970,105539
2018-0421,Hard,104745,105332
2018-0568,Hard,105138,106065
2018-6967,Hard,106415,104269
2018-M024,Hard,104919,111581
2018-7581,Hard,105023,105550
2018-M035,Hard,106045,105041
2018-M015,Hard,111575,105023
2018-0337,Hard,105916,200000
2018-M024,Hard,104898,105936
2018-0410,Clay,105138,105376
2018-0891,Hard,105332,105916
2018-580,Hard,105777,111456
2018-0499,Hard,111577,105166
2018-M006,Hard,111202,105583
2018-0425,Clay,111575,104919
2018-0308,Clay,105526,109054
2018-0322,Clay,104926,105815
2018-7694,Clay,105948,106044
2018-520,Clay,106043,106432
2018-6242,Hard,105449,144719
2018-0329,Hard,104731,105051
2018-560,Hard,105932,105379
2018-0315,Grass,106368,105065
2018-M015,Hard,105583,105777
2018-0429,Hard,126774,105208
2018-0429,Hard,111202,126203
2018-7480,Hard,111460,104180
2018-0328,Hard,103819,105936
2018-580,Hard,106233,105173
2018-0496,Hard,105732,105613
2018-0496,Hard,125802,103917
2018-M007,Hard,100644,106421
2018-0717,Clay,104547,106415
2018-7648,Clay,104312,105932
2018-M010,Grass,104755,105539
2018-0311,Grass,104925,105173
2018-0316,Clay,144707,104797
2018-6116,Hard,105385,103333
2018-7480,Hard,111581,105166
2018-540,Grass,106378,106109
2018-M-DC-2018-G2-AO-M-THA-LBN-01,Hard,133975,207139
2018-M021,Clay,106233,106432
2018-M035,Hard,105902,111515
2018-M-DC-2018-WG-PO-SRB-IND-01,Clay,111513,106368
2018-0337,Hard,103781,105683
2018-0319,Clay,106121,111513
2018-M016,Grass,104797,104312
2018-0500,Grass,104898,105311
2018-0425,Clay,104745,106148
2018-M-DC-2018-G2-AO-M-THA-PHI-01,Clay,106150,127143
2018-0451,Hard,126094,104269
2018-0891,Hard,106026,111459
2018-M-DC-2018-G1-AO-M-CHN-NZL-01,Hard,105585,105030
2018-M-DC-2018-G1-AO-M-KOR-PAK-01,Grass,120792,207972
2018-7434,Hard,105806,104259
2018-6932,Clay,106044,103607
2018-M006,Hard,104607,109739
2018-0322,Clay,105916,126207
2018-540,Grass,104545,105683
2018-5014,Hard,106432,105614
2018-0439,Clay,105550,105583
2018-7485,Hard,125802,104898
2018-0311,Grass,104919,104731
2018-0425,Clay,104665,106216
2018-7648,Clay,105379,132283
2018-M001,Hard,105575,106109
2018-580,Hard,105815,109739
2018-M-DC-2018-G1-EPA-M-UKR-SWE-01,Hard,144707,105085
2018-0499,Hard,105539,105985
2018-M007,Hard,104731,105932
2018-M010,Grass,105216,105932
2018-540,Grass,103333,104022
2018-M-DC-2018-G1-EPA-M-POR-SWE-01,Hard,144707,105671
2018-7485,Hard,106378,104792
2018-560,Hard,106432,106148
2018-0414,Clay,109054,109739
2018-6116,Hard,105992,111815
2018-0414,Clay,106233,144895
2018-0352,Hard,104925,106000
2018-M035,Hard,100644,200282
2018-0425,Clay,105373,104925
2018-0451,Hard,105379,104291
2018-M006,Hard,104871,104926
2018-0410,Clay,126094,104898
2018-7290,Clay,105643,105077
2018-0322,Clay,126523,104252
2018-7694,Clay,123921,144895
2018-520,Clay,105227,105449
2018-M010,Grass,104898,103333
2018-M016,Grass,104918,104527
2018-7581,Hard,105311,105577
2018-7696,Hard,126094,126203
2018-0421,Hard,104926,105449
2018-6967,Hard,200282,105216
2018-0421,Hard,104545,105732
2018-6242,Hard,105992,104468
2018-0360,Clay,104665,106378
2018-7648,Clay,105357,120424
2018-M007,Hard,111575,105657
2018-M-DC-2018-G1-EPA-M-RSA-ISR-01,Hard,122548,105707
2018-580,Hard,104925,105077
2018-0407,Hard,103819,104259
2018-6932,Clay,104665,105589
2018-M007,Hard,104871,104755
2018-M-DC-2018-G2-AM-M-VEN-URU-01,Clay,104655,106175
2018-7694,Clay,106233,106148
2018-0439,Clay,105550,106121
2018-560,Hard,104925,104755
2018-0337,Hard,105453,126207
2018-M006,Hard,105166,105657
2018-M006,Hard,105173,105166
2018-0425,Clay,103852,105583
2018-0891,Hard,104468,104731
2018-580,Hard,111456,111200
2018-580,Hard,106043,134770
2018-6932,Clay,104269,104919
2018-0410,Clay,104925,105583
2018-0322,Clay,105550,105023
2018-520,Clay,104926,106378
2018-0319,Clay,144719,105870
2018-560,Hard,104925,105453
2018-M-DC-2018-WG-PO-CAN-NED-01,Hard,105683,105217
2018-0429,Hard,104545,105614
2018-0352,Hard,105311,106065
2018-M-DC-2018-WG-M-CRO-USA-01,Clay,105023,105227
2018-M035,Hard,104571,105332
2018-6967,Hard,104918,111190
2018-0319,Clay,105373,106233
2018-520,Clay,105341,105051
2018-0352,Hard,104925,105311
2018-0341,Hard,105430,105732
2018-M035,Hard,126207,128034
2018-520,Clay,134770,111442
2018-M016,Grass,105041,105933
2018-7648,Clay,106065,104312
2018-M007,Hard,126207,106378
2018-M-DC-2018-G1-AM-M-CHI-ECU-01,Clay,105933,106174
2018-0451,Hard,105882,106325
2018-580,Hard,109739,105649
2018-580,Hard,111202,100644
2018-7434,Hard,105657,106075
2018-7694,Clay,104468,106167
2018-M010,Grass,111456,104312
2018-0311,Grass,104527,111815
2018-M024,Hard,105683,133430
2018-0329,Hard,104731,126207
2018-M-DC-2018-WG-PO-SUI-SWE-01,Hard,105436,144817
2018-6242,Hard,104919,105216
2018-7485,Hard,106378,125802
2018-560,Hard,106148,106283
2018-5014,Hard,106065,104468
2018-5014,Hard,104731,126774
2018-0451,Hard,105932,105341
2018-0506,Clay,104547,106065
2018-0496,Hard,103898,105138
2018-M006,Hard,105936,106283
2018-0717,Clay,103333,106121
2018-0425,Clay,104198,105453
2018-520,Clay,104545,105732
2018-M010,Grass,104871,104198
2018-0321,Grass,105332,126203
2018-M016,Grass,103970,126610
2018-0568,Hard,106065,105041
2018-0322,Clay,105376,103333
2018-0341,Hard,104897,106296
2018-M007,Hard,104607,106415
2018-M007,Hard,105932,105341
2018-M-DC-2018-G1-AM-M-ARG-CHI-01,Clay,105550,106426
2018-M-DC-2018-G1-EPA-M-RSA-ISR-01,Hard,104534,144750
2018-M020,Hard,104797,111577
2018-0891,Hard,105732,106065
2018-580,Hard,105526,126952
2018-580,Hard,104926,103898
2018-6932,Clay,105807,106065
2018-7648,Clay,105357,105379
2018-0421,Hard,100644,106421
2018-0568,Hard,106233,105526
2018-0605,Hard,104925,104545
2018-6967,Hard,106415,105732
2018-M024,Hard,106298,104918
2018-7581,Hard,126203,202358
2018-M015,Hard,105223,105077
2018-6967,Hard,106000,106368
2018-520,Clay,106000,105430
2018-580,Hard,105815,104527
2018-M-DC-2018-G1-AM-M-DOM-BRA-01,Hard,106329,106232
2018-0424,Hard,105023,104022
2018-M006,Hard,103819,105643
2018-M009,Clay,104925,105238
2018-7694,Clay,126203,105051
2018-520,Clay,105223,105077
2018-0500,Grass,103819,105379
2018-M016,Grass,111577,126203
2018-M016,Grass,111815,126652
2018-6242,Hard,106121,136440
2018-0329,Hard,126207,109739
2018-560,Hard,105550,134770
2018-0328,Hard,100644,104898
2018-M010,Grass,104871,111456
2018-0429,Hard,105357,200615
2018-0425,Clay,105777,104291
2018-7648,Clay,106065,105357
2018-M007,Hard,105807,104797
2018-0891,Hard,105332,104898
2018-580,Hard,104542,133430
2018-580,Hard,104607,105223
2018-0496,Hard,104607,106000
2018-M009,Clay,106058,103970
2018-M010,Grass,106071,104269
2018-M016,Grass,106065,105357
2018-0328,Hard,100644,200615
2018-7480,Hard,106078,105023
2018-0337,Hard,106298,104259
2018-0319,Clay,105583,110602
2018-M016,Grass,105357,104180
2018-M035,Hard,104999,105065
2018-0407,Hard,134868,104527
2018-0499,Hard,105385,106368
2018-M006,Hard,104534,106378
2018-M006,Hard,104259,105227
2018-0425,Clay,105583,124079
2018-520,Clay,105676,104792
2018-0500,Grass,106233,104022
2018-0500,Grass,104312,104252
2018-M016,Grass,104999,133430
2018-540,Grass,104660,105311
2018-540,Grass,104925,105453
2018-0337,Hard,105062,126094
2018-0439,Clay,106065,105550
2018-M007,Hard,144707,105526
2018-7485,Hard,106099,106026
2018-0425,Clay,105807,105173
2018-7290,Clay,106044,105065
2018-M-DC-2018-G2-EPA-M-POL-ZIM-01,Hard,111794,105626
2018-M020,Hard,105992,105870
2018-580,Hard,103333,111513
2018-580,Hard,105916,106044
2018-M-DC-2018-G1-AO-M-CHN-NZL-01,Hard,104907,105842
2018-M007,Hard,105449,105173
2018-0717,Clay,106045,104269
2018-7694,Clay,106148,111513
2018-560,Hard,104527,105777
2018-M014,Hard,105583,106110
2018-560,Hard,106421,126774
2018-0407,Hard,104607,104999
2018-0414,Clay,106043,109054
2018-0352,Hard,105227,105777
2018-0421,Hard,105614,103970
2018-0717,Clay,106216,111442
2018-580,Hard,105376,105062
2018-7434,Hard,104527,105373
2018-0407,Hard,104678,105526
2018-0499,Hard,104545,105430
2018-M006,Hard,111577,105960
2018-M006,Hard,105732,104792
2018-0308,Clay,100644,104259
2018-7694,Clay,126203,106058
2018-520,Clay,106065,105807
2018-0322,Clay,111577,104797
2018-0319,Clay,105062,144895
2018-7581,Hard,126203,105062
2018-7696,Hard,200282,132482
2018-0421,Hard,133430,104871
2018-6967,Hard,133430,125802
2018-540,Grass,105332,133430
2018-0421,Hard,111575,105807
2018-540,Grass,105051,105676
2018-6967,Hard,200282,111456
2018-0301,Hard,104655,106121
2018-580,Hard,104527,105575
2018-580,Hard,103819,104755
2018-7434,Hard,105657,104180
2018-0407,Hard,103852,105373
2018-0410,Clay,106043,105550
2018-M006,Hard,104547,105216
2018-7290,Clay,106120,106393
2018-M007,Hard,104269,104198
2018-0425,Clay,106233,106075
2018-540,Grass,105453,106401
2018-0439,Clay,111513,109739
2018-560,Hard,105357,104926
2018-0316,Clay,104620,106148
2018-0439,Clay,105477,105015
2018-0410,Clay,104259,105815
2018-560,Hard,105311,106298
2018-0337,Hard,106233,105074
2018-M020,Hard,104999,105441
2018-M020,Hard,200282,105683
2018-0891,Hard,105732,106026
2018-580,Hard,104312,106415
2018-M-DC-2018-G1-AM-M-COL-BAR-01,Hard,105292,105985
2018-0375,Hard,111575,105575
2018-0424,Hard,104629,104871
2018-6932,Clay,105815,106148
2018-0410,Clay,104926,125802
2018-M006,Hard,104919,106121
2018-540,Grass,106298,106045
2018-560,Hard,104925,105223
2018-0429,Hard,104926,111202
2018-7480,Hard,106000,111581
2018-0316,Clay,134770,103970
2018-0352,Hard,106000,105376
2018-5014,Hard,106065,111202
2018-M035,Hard,104918,111456
2018-0319,Clay,104797,109739
2018-0352,Hard,106000,126774
2018-580,Hard,104745,106043
2018-M-DC-2018-G2-EPA-M-TUN-FIN-01,Hard,104291,105349
2018-0407,Hard,104312,105311
2018-0496,Hard,104999,104882
2018-M006,Hard,105683,200000
2018-0425,Clay,126774,105077
2018-7290,Clay,104620,105643
2018-M007,Hard,106423,103819
2018-M009,Clay,104259,111575
2018-M016,Grass,105062,106378
2018-0319,Clay,144719,104898
2018-0329,Hard,104755,106401
2018-520,Clay,105053,104571
2018-560,Hard,106421,105539
2018-0315,Grass,105449,106328
2018-0451,Hard,105806,104890
2018-580,Hard,105992,104534
2018-580,Hard,104607,200282
2018-M-DC-2018-G1-AO-M-KOR-PAK-01,Grass,103529,126952
2018-0424,Hard,105173,105376
2018-0407,Hard,105732,104755
2018-0496,Hard,111575,103898
2018-M006,Hard,105223,103970
2018-520,Clay,104269,105777
2018-M010,Grass,104871,105173
2018-5014,Hard,100644,200282
2018-0311,Grass,105777,106000
2018-0341,Hard,105932,200005
2018-7290,Clay,106148,106216
2018-580,Hard,105227,105807
2018-0891,Hard,104731,105062
2018-M-DC-2018-G1-EPA-M-RSA-ISR-01,Hard,104534,105707
2018-7434,Hard,109739,105311
2018-0407,Hard,100644,103970
2018-M007,Hard,105227,105577
2018-0410,Clay,104755,104871
2018-0425,Clay,105138,104665
2018-7694,Clay,104545,105430
2018-0605,Hard,104925,105227
2018-0421,Hard,126774,104925
2018-0568,Hard,104527,106000
2018-M015,Hard,100644,105138
2018-M024,Hard,104527,106043
2018-M024,Hard,104999,106000
2018-540,Grass,200282,106065
2018-M015,Hard,104291,100644
2018-6967,Hard,106415,133430
2018-M001,Hard,103893,111442
2018-580,Hard,105238,105051
2018-7434,Hard,106075,105041
2018-0407,Hard,105676,103917
2018-M006,Hard,106421,105449
2018-M006,Hard,105683,105311
2018-0308,Clay,111202,105373
2018-520,Clay,106233,126610
2018-M010,Grass,104755,126774
2018-0500,Grass,106432,105932
2018-M024,Hard,105173,106065
2018-6242,Hard,111797,105526
2018-0329,Hard,106401,106415
2018-560,Hard,106058,105819
2018-0328,Hard,200615,105051
2018-M-DC-2018-WG-PO-ARG-COL-01,Clay,106043,105053
2018-7480,Hard,126203,106423
2018-580,Hard,105777,106401
2018-580,Hard,104571,106026
2018-M007,Hard,104545,104022
2018-0425,Clay,105676,111575
2018-M-DC-2018-G2-AO-M-HKG-LBN-01,Hard,133975,124022
2018-0717,Clay,106401,106216
2018-0321,Grass,104252,120424
2018-540,Grass,111456,105575
2018-0439,Clay,126094,200000
2018-6116,Hard,111815,106401
2018-0328,Hard,105138,105583
2018-7480,Hard,105173,111200
2018-0311,Grass,106401,103852
2018-0352,Hard,111575,104545
2018-0337,Hard,106432,105077
2018-0568,Hard,105138,104022
2018-0319,Clay,109739,105062
2018-M035,Hard,100644,104291
2018-0717,Clay,105815,104882
2018-0891,Hard,106120,125802
2018-7434,Hard,105806,104527
2018-0506,Clay,104792,104655
2018-0496,Hard,105936,104468
2018-M006,Hard,104571,104534
2018-0308,Clay,100644,105526
2018-520,Clay,105453,104468
2018-0500,Grass,105216,109739
2018-0311,Grass,126207,104919
2018-540,Grass,104745,105223
2018-6116,Hard,111511,106423
2018-0439,Clay,104898,104297
2018-7485,Hard,105077,103565
2018-0717,Clay,105449,124014
2018-580,Hard,106378,104312
2018-580,Hard,126094,104571
2018-7434,Hard,104527,104678
2018-M007,Hard,111202,111581
2018-0308,Clay,109739,105916
2018-M009,Clay,106000,104269
2018-M010,Grass,105051,105657
2018-0311,Grass,104925,105777
2018-540,Grass,111797,105936
2018-M014,Hard,105379,111513
2018-560,Hard,104545,111797
2018-6116,Hard,104571,106109
2018-0314,Clay,144719,104629
2018-0414,Clay,104919,104792
2018-0352,Hard,103819,104926
2018-0421,Hard,200000,106298
2018-M-DC-2018-G1-AM-M-DOM-BRA-01,Hard,105497,106252
2018-M-DC-2018-G2-EPA-M-EGY-NOR-01,Hard,105633,202382
2018-0496,Hard,106298,105936
2018-M006,Hard,104871,103898
2018-M006,Hard,105023,106026
2018-0717,Clay,105550,111578
2018-520,Clay,111575,106298
2018-0311,Grass,104180,133430
2018-M016,Grass,111815,104978
2018-0439,Clay,105583,105932
2018-7581,Hard,105023,105932
2018-0421,Hard,104898,105453
2018-540,Grass,104926,106121
2018-6967,Hard,111456,105041
2018-540,Grass,104468,126610
2018-0421,Hard,133430,104926
2018-6242,Hard,136440,105815
2018-0451,Hard,104269,104534
2018-0451,Hard,105376,105936
2018-580,Hard,104925,105385
2018-580,Hard,105992,104655
2018-580,Hard,105815,106233
2018-7434,Hard,105806,109739
2018-0496,Hard,111575,105074
2018-M-DC-2018-G2-AM-M-VEN-URU-01,Clay,208028,207738
2018-7163,Clay,106210,104593
2018-0425,Clay,104745,104198
2018-540,Grass,105208,100644
2018-0439,Clay,105379,105311
2018-0439,Clay,105916,105332
2018-0429,Hard,104269,105051
2018-560,Hard,105357,105062
2018-0311,Grass,106378,105992
2018-0891,Hard,104468,105138
2018-580,Hard,105807,104468
2018-0506,Clay,104198,104122
2018-0407,Hard,104312,100644
2018-M006,Hard,106432,105385
2018-M-DC-2018-G2-EPA-M-ROU-MAR-01,Hard,106021,207479
2018-M006,Hard,103852,106058
2018-0308,Clay,109739,106043
2018-0322,Clay,105449,105657
2018-520,Clay,100644,106000
2018-M-DC-2018-G2-EPA-M-ROU-POL-01,Clay,111794,104494
2018-0319,Clay,105583,104198
2018-0429,Hard,126774,104259
2018-M-DC-2018-G2-EPA-M-EGY-FIN-01,Clay,105633,200325
2018-0337,Hard,104545,111815
2018-7480,Hard,106000,105341
2018-M009,Clay,104926,104792
2018-7694,Clay,105062,106296
2018-0352,Hard,105138,105449
2018-M-DC-2018-WG-PO-JPN-BIH-01,Hard,106121,105493
2018-0352,Hard,105777,105138
2018-M007,Hard,104871,105777
2018-0451,Hard,104755,103607
2018-580,Hard,111202,104925
2018-M006,Hard,106283,105332
2018-0425,Clay,105807,105777
2018-0308,Clay,105373,105806
2018-0322,Clay,104312,106065
2018-7694,Clay,105062,105948
2018-520,Clay,104926,104665
2018-M010,Grass,104755,106071
2018-M024,Hard,104925,105777
2018-0329,Hard,105453,105332
2018-560,Hard,126774,103990
2018-6242,Hard,126203,104291
2018-M020,Hard,105777,105357
2018-580,Hard,105815,104871
2018-0506,Clay,105643,104252
2018-M006,Hard,133430,105575
2018-M006,Hard,104731,106044
2018-0410,Clay,104999,200000
2018-0308,Clay,100644,105870
2018-7694,Clay,111815,104545
2018-520,Clay,104745,109739
2018-0311,Grass,104871,126207
2018-0314,Clay,105487,144817
2018-560,Hard,128034,105882
2018-5014,Hard,106378,111797
2018-0311,Grass,104925,105357
2018-0341,Hard,105453,105376
2018-0425,Clay,126774,106233
2018-580,Hard,104607,104926
2018-0506,Clay,105671,106148
2018-M006,Hard,126774,105430
2018-M007,Hard,105683,106043
2018-0308,Clay,105526,120424
2018-0322,Clay,105916,105376
2018-M010,Grass,104871,105051
2018-0311,Grass,105227,106401
2018-0414,Clay,106329,104468
2018-0605,Hard,104925,100644
2018-0500,Grass,105332,105449
2018-0421,Hard,104731,125802
2018-0568,Hard,106233,105373
2018-M015,Hard,104291,200059
2018-7694,Clay,106233,104198
2018-560,Hard,104745,105932
2018-M015,Hard,105932,104269
2018-580,Hard,106000,105357
2018-M-DC-2018-G1-AO-M-KOR-PAK-01,Grass,103499,111805
2018-0496,Hard,106000,105341
2018-M006,Hard,104269,105550
2018-M006,Hard,105807,106421
2018-M-DC-2018-G2-AM-M-MEX-PER-01,Hard,106250,122669
2018-0308,Clay,104259,105138
2018-7694,Clay,105583,126203
2018-520,Clay,104745,104755
2018-520,Clay,106043,104731
2018-M024,Hard,104925,105449
2018-6242,Hard,105992,105936
2018-560,Hard,106233,105806
2018-0328,Hard,105583,105173
2018-0425,Clay,104198,105216
2018-M-DC-2018-G1-EPA-M-CZE-ISR-01,Clay,106210,122548
2018-0425,Clay,105676,105138
2018-0301,Hard,105449,132482
2018-M001,Hard,106421,104259
2018-580,Hard,103819,105916
2018-0496,Hard,125802,104527
2018-0496,Hard,111575,106298
2018-M007,Hard,105936,105332
2018-0308,Clay,104259,104999
2018-540,Grass,105357,105882
2018-0328,Hard,105657,105227
2018-7650,Grass,106210,105932
2018-7480,Hard,105223,106078
2018-M-DC-2018-WG-M-CRO-USA-01,Clay,106432,126207
2018-0568,Hard,104527,111575
2018-6242,Hard,126205,111513
2018-M009,Clay,104925,105077
2018-M035,Hard,126094,111511
2018-520,Clay,105583,106210
2018-0410,Clay,105453,104607
2018-0301,Hard,111202,105815
2018-0496,Hard,103898,104291
2018-M006,Hard,105583,105041
2018-M006,Hard,106432,105138
2018-7290,Clay,105311,105155
2018-0322,Clay,104586,106210
2018-520,Clay,105227,104926
2018-540,Grass,104545,120424
2018-0439,Clay,105539,106000
2018-M024,Hard,105227,111575
2018-540,Grass,104731,104545
2018-520,Clay,106000,106045
2018-5014,Hard,106378,104312
2018-6116,Hard,111815,104291
2018-0360,Clay,106072,105526
2018-580,Hard,105227,104745
2018-M-DC-2018-G1-EPA-M-RSA-ISR-01,Hard,144750,122548
2018-6932,Clay,106233,105583
2018-M006,Hard,126203,124187
2018-M007,Hard,105223,105453
2018-M-DC-2018-G2-EPA-M-POL-ZIM-01,Hard,111761,104308
2018-0425,Clay,104745,105676
2018-M021,Clay,104655,106058
2018-0322,Clay,105376,104926
2018-560,Hard,126207,105173
2018-M014,Hard,105575,104797
2018-0314,Clay,105138,111513
2018-0314,Clay,106121,111200
2018-0414,Clay,106075,200484
2018-0352,Hard,105453,104731
2018-0407,Hard,105777,105936
2018-0496,Hard,104180,104660
2018-0496,Hard,111575,104607
2018-580,Hard,105065,200615
2018-580,Hard,105932,105074
2018-0424,Hard,126207,104534
2018-M006,Hard,109739,103333
2018-M006,Hard,126203,104269
2018-7290,Clay,126774,104665
2018-M009,Clay,105376,105023
2018-0314,Clay,111513,105634
2018-0421,Hard,106421,106058
2018-7581,Hard,105051,126610
2018-520,Clay,105777,105633
2018-7696,Hard,200282,126203
2018-540,Grass,110602,106298
2018-0421,Hard,106432,105577
2018-6967,Hard,111815,105842
2018-540,Grass,105051,103565
2018-0421,Hard,104898,104022
2018-M007,Hard,106432,106058
2018-7290,Clay,104620,106249
2018-0891,Hard,105227,106368
2018-580,Hard,106378,104797
2018-580,Hard,106378,105777
2018-0375,Hard,106298,126535
2018-0496,Hard,111575,104999
2018-0717,Clay,105967,104460
2018-0425,Clay,126774,105807
2018-7694,Clay,104468,111815
2018-0439,Clay,105583,105077
2018-560,Hard,106401,105732
2018-M009,Clay,105332,106043
2018-0429,Hard,133430,105166
2018-560,Hard,103819,106401
2018-0410,Clay,104180,104252
2018-580,Hard,103333,105216
2018-M-DC-2018-WG-M-FRA-NED-01,Hard,105217,105173
2018-0407,Hard,126094,106000
2018-0499,Hard,105376,124187
2018-M006,Hard,105815,105932
2018-0717,Clay,103333,106045
2018-M006,Hard,104655,106233
2018-7290,Clay,126207,104180
2018-0308,Clay,100644,111202
2018-M-DC-2018-WG-M-FRA-ESP-01,Hard,106298,105138
2018-0337,Hard,106432,106298
2018-0429,Hard,105208,106058
2018-M-DC-2018-G2-EPA-M-EGY-FIN-01,Clay,105349,105747
2018-0352,Hard,104259,104898
2018-M-DC-2018-WG-PO-SRB-IND-01,Clay,105583,105432
2018-0352,Hard,105227,104259
2018-0425,Clay,105373,103852
2018-M007,Hard,133430,105023
2018-M020,Hard,104547,124014
2018-580,Hard,104926,104547
2018-580,Hard,111202,105815
2018-0496,Hard,106298,105732
2018-6932,Clay,105379,104890
2018-0717,Clay,126203,105065
2018-0308,Clay,104259,109739
2018-7694,Clay,106233,105583
2018-520,Clay,104547,105216
2018-M024,Hard,103819,104527
2018-0329,Hard,104755,106045
2018-0410,Clay,104925,106432
2018-0329,Hard,126774,200282
2018-0341,Hard,200005,106071
2018-520,Clay,104792,105373
2018-560,Hard,104545,105614
2018-5014,Hard,105062,105077
2018-0425,Clay,104745,126774
2018-0451,Hard,126774,104252
2018-M-DC-2018-G1-AM-M-DOM-BRA-01,Hard,105497,106329
2018-0407,Hard,105777,126094
2018-M006,Hard,111202,104607
2018-M021,Clay,105539,126774
2018-7694,Clay,106233,104468
2018-520,Clay,106378,200282
2018-520,Clay,104925,104269
2018-7650,Grass,106210,111442
2018-0314,Clay,106121,106148
2018-560,Hard,200282,106121
2018-5014,Hard,105051,105376
2018-560,Hard,105683,104468
2018-0311,Grass,105173,105554
2018-0425,Clay,104745,105373
2018-M007,Hard,106401,104926
2018-580,Hard,106233,106045
2018-580,Hard,103819,104607
2018-0424,Hard,124014,111456
2018-0496,Hard,106298,125802
2018-M006,Hard,105311,100644
2018-M-DC-2018-G2-EPA-M-ROU-MAR-01,Hard,104494,104467
2018-6116,Hard,111815,104871
2018-0314,Clay,200000,105819
2018-0341,Hard,105430,105575
2018-0605,Hard,100644,103819
2018-0421,Hard,105777,126207
2018-540,Grass,103819,105041
2018-M015,Hard,104269,104792
2018-M024,Hard,105916,128034
2018-0316,Clay,105967,126610
2018-6242,Hard,111797,104312
2018-0717,Clay,106044,105385
2018-580,Hard,104792,144719
2018-0499,Hard,126203,105023
2018-M006,Hard,104792,104545
2018-M006,Hard,104871,105173
2018-0410,Clay,105732,103893
2018-M021,Clay,104269,103893
2018-M009,Clay,100644,126610
2018-520,Clay,104745,104620
2018-520,Clay,106233,125802
2018-M024,Hard,106378,111456
2018-6242,Hard,106421,105819
2018-0429,Hard,105041,106121
2018-560,Hard,103893,106378
2018-M021,Clay,105583,111575
2018-0328,Hard,105138,105311
2018-M010,Grass,104755,104871
2018-0410,Clay,126774,133430
2018-7648,Clay,106065,105806
2018-580,Hard,105173,106210
2018-M020,Hard,106378,111202
2018-580,Hard,105227,106378
2018-0424,Hard,104731,124014
2018-M007,Hard,100644,103970
2018-M-DC-2018-G1-AM-M-ARG-CHI-01,Clay,106043,111797
2018-0717,Clay,105992,200175
2018-540,Grass,105683,106281
2018-0328,Hard,126203,105967
2018-M-DC-2018-WG-PO-GBR-UZB-01,Hard,111815,122109
2018-7480,Hard,104926,111460
2018-M-DC-2018-WG-M-FRA-ESP-01,Hard,105332,105807
2018-0337,Hard,104792,105449
2018-M016,Grass,126652,105992
2018-M009,Clay,105453,104259
2018-M-DC-2018-G2-EPA-M-POL-ZIM-01,Hard,111794,111761
2018-580,Hard,103898,106121
2018-6932,Clay,104926,105064
2018-M006,Hard,103819,105936
2018-7290,Clay,111815,104898
2018-M021,Clay,104919,104926
2018-520,Clay,105550,105311
2018-520,Clay,100644,111575
2018-7650,Grass,105583,106110
2018-540,Grass,111577,104291
2018-540,Grass,104925,104745
2018-5014,Hard,105051,126207
2018-0314,Clay,106148,104198
2018-0315,Grass,105577,104999
2018-5014,Hard,111797,105227
2018-6116,Hard,104871,105575
2018-M007,Hard,104731,111575
2018-0410,Clay,105077,111577
2018-580,Hard,103819,111202
2018-0451,Hard,126774,104755
2018-580,Hard,109739,104269
2018-M007,Hard,105657,105062
2018-7648,Clay,122330,104797
2018-0322,Clay,105449,105550
2018-0316,Clay,134770,144719
2018-0316,Clay,104755,105967
2018-7485,Hard,104468,111456
2018-M014,Hard,104586,126610
2018-0414,Clay,104919,105077
2018-0414,Clay,106329,104269
2018-7290,Clay,111797,104919
2018-0717,Clay,126207,111456
2018-M-DC-2018-WG-M-KAZ-SUI-01,Hard,122078,105967
2018-0496,Hard,103917,104180
2018-6932,Clay,105671,105550
2018-M006,Hard,104259,105732
2018-M-DC-2018-G1-EPA-M-CZE-ISR-01,Clay,106361,104534
2018-520,Clay,104291,104022
2018-520,Clay,104745,106043
2018-7650,Grass,104898,104022
2018-0421,Hard,104925,105806
2018-7694,Clay,106110,105311
2018-7581,Hard,104926,105074
2018-7696,Hard,128034,144719
2018-0568,Hard,106233,106421
2018-540,Grass,105683,105357
2018-0421,Hard,105023,105173
2018-6967,Hard,106415,106045
2018-540,Grass,106210,106043
2018-0421,Hard,105227,106432
2018-540,Grass,106043,105806
2018-7648,Clay,105526,105132
2018-M007,Hard,126207,104607
2018-M-DC-2018-G2-EPA-M-POL-ZIM-01,Hard,207415,207400
2018-0301,Hard,104898,134770
2018-580,Hard,103819,105227
2018-0407,Hard,103819,105074
2018-0717,Clay,105815,106044
2018-M006,Hard,104919,105074
2018-0322,Clay,105916,105449
2018-M016,Grass,106065,104797
2018-0315,Grass,105577,105385
2018-540,Grass,104468,105051
2018-560,Hard,103819,105332
2018-0500,Grass,105051,104291
2018-0429,Hard,104259,200282
2018-580,Hard,104925,104792
2018-0375,Hard,106000,105074
2018-0496,Hard,104607,105882
2018-6932,Clay,111797,104198
2018-M006,Hard,105732,104180
2018-M006,Hard,105223,104919
2018-520,Clay,104755,104312
2018-520,Clay,128034,105815
2018-M009,Clay,105676,104919
2018-520,Clay,105223,105227
2018-0311,Grass,126207,111577
2018-0337,Hard,104792,104545
2018-M-DC-2018-G2-EPA-M-EGY-FIN-01,Clay,105633,105349
2018-0500,Grass,105138,104898
2018-M-DC-2018-WG-M-CRO-USA-01,Clay,105227,126207
2018-560,Hard,105062,111511
2018-M-DC-2018-WG-PO-HUN-CZE-01,Clay,106210,200218
2018-0319,Clay,105373,144719
2018-520,Clay,104655,105379
2018-7485,Hard,104755,106210
2018-0352,Hard,103819,105683
2018-M006,Hard,104571,106043
2018-7648,Clay,105932,103893
2018-7163,Clay,105341,106000
2018-M007,Hard,105807,105449
2018-0410,Clay,104468,105173
2018-580,Hard,111202,104999
2018-M-DC-2018-G1-EPA-M-AUT-BLR-01,Clay,105589,125802
2018-0407,Hard,104898,105217
2018-M021,Clay,105992,104198
2018-0322,Clay,105916,104527
2018-M035,Hard,104918,105657
2018-M024,Hard,105676,105223
2018-0329,Hard,105683,133297
2018-5014,Hard,200282,105332
2018-520,Clay,106065,105477
2018-560,Hard,111797,105376
2018-5014,Hard,105932,133430
2018-0717,Clay,105550,105023
2018-0891,Hard,104468,105227
2018-580,Hard,105077,105065
2018-0506,Clay,105379,106210
2018-0407,Hard,105676,103852
2018-6932,Clay,105077,104297
2018-M006,Hard,104259,105065
2018-M006,Hard,105683,104571
2018-520,Clay,105526,105539
2018-520,Clay,106065,104925
2018-5014,Hard,106432,105223
2018-M035,Hard,104672,105216
2018-560,Hard,105453,109739
2018-6116,Hard,104545,200282
2018-0500,Grass,106045,126774
2018-M016,Grass,105062,103970
2018-560,Hard,104527,200005
2018-M006,Hard,103970,105815
2018-7290,Clay,126207,105815
2018-M007,Hard,104269,106423
2018-0891,Hard,111513,105657
2018-580,Hard,111202,106421
2018-M-DC-2018-G1-EPA-M-AUT-BLR-01,Clay,106233,105299
2018-0506,Clay,105064,106398
2018-0407,Hard,106421,105732
2018-M021,Clay,105683,106044
2018-0322,Clay,105550,136440
2018-0341,Hard,104468,104755
2018-0605,Hard,104925,104731
2018-0421,Hard,111575,104545
2018-540,Grass,105223,105376
2018-M015,Hard,105932,106058
2018-M024,Hard,111202,106058
2018-540,Grass,105732,104999
2018-0717,Clay,126203,105992
2018-M006,Hard,105643,105992
2018-M006,Hard,105023,103852
2018-7290,Clay,105807,106044
2018-0891,Hard,104468,106120
2018-580,Hard,106045,105449
2018-580,Hard,105077,111577
2018-M-DC-2018-G1-EPA-M-UKR-SWE-01,Hard,144707,104660
2018-0424,Hard,105453,105539
2018-6932,Clay,106043,134770
2018-0425,Clay,104655,106120
2018-M024,Hard,133430,126207
2018-M015,Hard,106378,126610
2018-6242,Hard,105807,111202
2018-520,Clay,105223,104545
2018-560,Hard,105449,104797
2018-0439,Clay,109739,126120
2018-0321,Grass,200484,105526
2018-0410,Clay,106432,103898
2018-M006,Hard,106121,104925
2018-7648,Clay,104312,105341
2018-7290,Clay,111797,106120
2018-M020,Hard,105238,106043
2018-0301,Hard,105041,126774
2018-580,Hard,100644,105376
2018-0375,Hard,105332,105357
2018-0407,Hard,104898,134868
2018-M007,Hard,104545,105227
2018-7480,Hard,103852,105633
2018-M-DC-2018-G2-EPA-M-ROU-POL-01,Clay,128034,104494
2018-0328,Hard,106421,104312
2018-7650,Grass,105173,105311
2018-0568,Hard,105041,105074
2018-0311,Grass,105227,104925
2018-0319,Clay,104797,111797
2018-0410,Clay,105526,105216
2018-0717,Clay,106058,104547
2018-M006,Hard,105223,200282
2018-M006,Hard,104731,105807
2018-0451,Hard,126610,104678
2018-0424,Hard,126207,200624
2018-0424,Hard,105430,104545
2018-6932,Clay,105643,106210
2018-520,Clay,104745,105223
2018-7650,Grass,105311,104252
2018-540,Grass,104925,104731
2018-5014,Hard,105916,106000
2018-0500,Grass,104252,104755
2018-M010,Grass,105051,105065
2018-M024,Hard,105683,104291
2018-5014,Hard,106432,103819
2018-6116,Hard,126203,106368
2018-0717,Clay,105449,126207
2018-0410,Clay,104259,105077
2018-0301,Hard,106210,105430
2018-580,Hard,103898,105676
2018-M-DC-2018-G2-AM-M-ESA-URU-01,Hard,104655,105656
2018-0407,Hard,105676,104607
2018-M007,Hard,111202,105311
2018-7648,Clay,105379,105657
2018-M021,Clay,105332,106298
2018-520,Clay,133430,105357
2018-560,Hard,104269,104918
2018-7485,Hard,105577,105683
2018-0314,Clay,111513,106432
2018-560,Hard,104898,111456
2018-6116,Hard,105992,105041
2018-M007,Hard,105539,105379
2018-0414,Clay,104792,106065
2018-M006,Hard,106432,126203
2018-7290,Clay,200282,105671
2018-M-DC-2018-G2-AO-M-THA-PHI-01,Clay,106397,200460
2018-M-DC-2018-G2-AM-M-ESA-URU-01,Hard,104655,108763
2018-0499,Hard,105223,104871
2018-6932,Clay,104792,104547
2018-7694,Clay,105430,105643
2018-520,Clay,106233,106065
2018-7650,Grass,105806,103893
2018-540,Grass,126207,104269
2018-0352,Hard,100644,106043
2018-7581,Hard,106071,200000
2018-7696,Hard,200282,126094
2018-0568,Hard,105373,133430
2018-540,Grass,104545,105074
2018-0421,Hard,106043,106378
2018-6967,Hard,104269,105359
2018-540,Grass,104926,104620
2018-0421,Hard,106043,105023
2018-7648,Clay,104022,200436
2018-7163,Clay,111513,104312
2018-0717,Clay,104545,105967
2018-M020,Hard,111581,104999
2018-580,Hard,104926,105539
2018-M-DC-2018-WG-M-ITA-JPN-01,Hard,104926,106121
2018-0407,Hard,104312,106421
2018-M006,Hard,105227,105916
2018-M007,Hard,105683,104871
2018-M021,Clay,133430,105815
2018-0315,Grass,106368,103607
2018-6242,Hard,106121,105023
2018-540,Grass,106210,104926
2018-0315,Grass,105449,106368
2018-M010,Grass,104269,106421
2018-560,Hard,104745,111575
2018-0717,Clay,105815,105550
2018-0410,Clay,103852,105332
2018-0451,Hard,105526,104607
2018-580,Hard,100644,105341
2018-6932,Clay,105227,104122
2018-M006,Hard,111202,104655
2018-0322,Clay,105376,104312
2018-520,Clay,104745,106233
2018-7650,Grass,105575,105539
2018-M016,Grass,105357,104919
2018-560,Hard,106233,104731
2018-0337,Hard,104269,106378
2018-M-DC-2018-WG-M-FRA-ESP-01,Hard,104719,103917
2018-M-DC-2018-G2-EPA-M-EGY-FIN-01,Clay,200325,105747
2018-M009,Clay,104926,106233
2018-0352,Hard,105916,105332
2018-M-DC-2018-WG-PO-HUN-CZE-01,Clay,104586,200436
2018-M035,Hard,111511,104022
2018-520,Clay,104731,103893
2018-M035,Hard,200282,111202
2018-0329,Hard,105332,111797
2018-M024,Hard,105227,105807
2018-0329,Hard,106421,105373
2018-0341,Hard,105936,144895
2018-0439,Clay,105373,111797
2018-5014,Hard,106421,105585
2018-520,Clay,105807,105643
2018-560,Hard,111815,111442
2018-5014,Hard,111575,105449
2018-0439,Clay,104898,126094
2018-5014,Hard,105453,105023
2018-M020,Hard,105992,104797
2018-580,Hard,104198,105332
2018-M-DC-2018-G1-AM-M-COL-BAR-01,Hard,105578,207971
2018-0506,Clay,104198,105807
2018-M004,Hard,100644,105992
2018-0717,Clay,103333,106401
2018-0496,Hard,105882,200384
2018-M007,Hard,105223,105936
2018-M021,Clay,104925,105453
2018-M021,Clay,106233,104745
2018-M016,Grass,133430,111577
2018-560,Hard,105227,128034
2018-0341,Hard,104897,120424
2018-0451,Hard,104792,126094
2018-M-DC-2018-G2-AM-M-BOL-PER-01,Clay,105935,106198
2018-0375,Hard,104755,105732
2018-0424,Hard,105539,103607
2018-0496,Hard,103917,126774
2018-6932,Clay,106233,104665
2018-M006,Hard,103819,104871
2018-0410,Clay,104269,104655
2018-7290,Clay,106378,200282
2018-540,Grass,105614,105216
2018-0421,Hard,104898,133430
2018-0605,Hard,100644,104925
2018-0322,Clay,126207,105992
2018-M024,Hard,105453,126094
2018-540,Grass,105062,105577
2018-6242,Hard,105376,104547
2018-M015,Hard,105916,106065
2018-520,Clay,104731,104999
2018-M024,Hard,105683,105583
2018-580,Hard,104291,106099
2018-7161,Clay,144895,104629
2018-0506,Clay,105379,105077
2018-0424,Hard,105430,106216
2018-M004,Hard,105223,106233
2018-0717,Clay,126203,106058
2018-M007,Hard,106432,133430
2018-M021,Clay,106378,106421
2018-M021,Clay,100644,133430
2018-520,Clay,106361,105806
2018-6242,Hard,105449,106378
2018-520,Clay,106065,105676
2018-0414,Clay,105932,104655
2018-560,Hard,126203,104999
2018-0314,Clay,105487,105311
2018-0328,Hard,105657,105992
2018-0500,Grass,111575,104999
2018-7480,Hard,104926,105223
2018-540,Grass,105074,105449
2018-M-DC-2018-WG-M-CAN-CRO-01,Clay,133430,105634
2018-M-DC-2018-WG-M-KAZ-SUI-01,Hard,105062,106391
2018-M-DC-2018-G2-EPA-M-IRL-DEN-01,Hard,104233,200278
2018-6932,Clay,104269,106044
2018-M006,Hard,105223,104259
2018-7290,Clay,106148,111815
2018-M-DC-2018-G1-AO-M-IND-CHN-01,Hard,200059,106368
2018-0410,Clay,106065,106000
2018-540,Grass,104547,105819
2018-0414,Clay,105807,105379
2018-M024,Hard,105676,105332
2018-0568,Hard,105138,104563
2018-7650,Grass,105657,117356
2018-M035,Hard,111577,111442
2018-M024,Hard,105223,106401
2018-0301,Hard,106210,105023
2018-M001,Hard,104180,105357
2018-580,Hard,105932,105589
2018-M-DC-2018-G1-EPA-M-UKR-SWE-01,Hard,104660,111200
2018-0375,Hard,104871,126774
2018-0375,Hard,105575,103898
2018-0506,Clay,106043,105064
2018-M007,Hard,100644,106401
2018-M004,Hard,104731,111202
2018-0717,Clay,105449,104545
2018-5014,Hard,105376,106058
2018-520,Clay,106298,106421
2018-520,Clay,105138,104797
2018-5014,Hard,104925,106432
2018-7696,Hard,126094,132482
2018-5014,Hard,105138,126094
2018-7485,Hard,104792,104542
2018-0314,Clay,105132,104926
2018-M-DC-2018-G2-AM-M-ESA-URU-01,Hard,127570,206768
2018-M-DC-2018-G2-AO-M-IRI-HKG-01,Hard,138845,105566
2018-6932,Clay,105379,105807
2018-M006,Hard,105683,105023
2018-0410,Clay,105683,200031
2018-7290,Clay,126774,104731
2018-540,Grass,104925,105815
2018-0414,Clay,111797,104755
2018-0319,Clay,104797,104259
2018-M014,Hard,106401,126094
2018-0352,Hard,104926,105916
2018-0352,Hard,106233,106432
2018-0421,Hard,126774,106000
2018-0717,Clay,105815,103333
2018-0451,Hard,106233,105539
2018-0451,Hard,104792,105526
2018-0506,Clay,104792,105583
2018-M004,Hard,111577,103852
2018-M007,Hard,104731,126207
2018-0410,Clay,104312,104198
2018-M021,Clay,105062,106148
2018-M021,Clay,100644,106233
2018-520,Clay,106432,104259
2018-7581,Hard,105311,104291
2018-0568,Hard,105373,104527
2018-540,Grass,105430,105379
2018-7696,Hard,126207,128034
2018-0421,Hard,104527,106401
2018-M035,Hard,128034,125802
2018-6967,Hard,106121,105147
2018-0315,Grass,106045,105074
2018-M-DC-2018-G2-AO-M-THA-SRI-01,Clay,106397,207421
2018-6932,Clay,104926,105815
2018-M006,Hard,106432,104731
2018-M-DC-2018-G1-AO-M-PAK-UZB-01,Grass,104797,103529
2018-M-DC-2018-G2-EPA-M-EGY-DEN-01,Hard,105747,104233
2018-7290,Clay,105807,111797
2018-0322,Clay,104527,111577
2018-540,Grass,106401,104797
2018-540,Grass,104745,200282
2018-0414,Clay,106233,105357
2018-M-DC-2018-WG-PO-AUT-AUS-01,Clay,106233,200282
2018-560,Hard,105932,105550
2018-0429,Hard,105208,144707
2018-560,Hard,105223,106432
2018-M009,Clay,126774,106432
2018-0337,Hard,105916,104926
2018-7161,Clay,105561,105166
2018-7161,Clay,105882,104665
2018-0506,Clay,104919,104926
2018-M004,Hard,105223,100644
2018-0717,Clay,105449,126203
2018-M007,Hard,105807,104269
2018-M-DC-2018-WG-M-USA-BEL-01,Hard,104545,106167
2018-M021,Clay,104259,105216
2018-M009,Clay,126610,126207
2018-520,Clay,104660,103852
2018-M035,Hard,126774,111577
2018-0328,Hard,105376,111797
2018-0314,Clay,126610,126094
2018-0352,Hard,105173,200005
2018-M-DC-2018-G2-EPA-M-ROU-POL-01,Clay,105657,111794
2018-M035,Hard,105732,106283
2018-0568,Hard,105526,126094
2018-M035,Hard,126205,106109
2018-M035,Hard,126774,105902
2018-0329,Hard,200282,104468
2018-7290,Clay,126207,104620
2018-0451,Hard,106432,105932
2018-M-DC-2018-WG-M-AUS-GER-01,Hard,100644,106401
2018-7161,Clay,144895,103333
2018-6932,Clay,104655,105671
2018-0533,Clay,104919,105671
2018-M006,Hard,103819,111202
2018-0321,Grass,103819,105550
2018-540,Grass,104898,105657
2018-0414,Clay,104919,106043
2018-M024,Hard,104925,105683
2018-0329,Hard,133430,104527
2018-M-DC-2018-WG-PO-SRB-IND-01,Clay,106353,105502
2018-0316,Clay,105967,106228
2018-5014,Hard,104925,104871
2018-520,Clay,105138,105053
2018-560,Hard,105583,106000
2018-5014,Hard,104312,105173
2018-0410,Clay,100644,104180
2018-580,Hard,105223,126207
2018-0506,Clay,105550,104269
2018-M004,Hard,104731,111577
2018-0533,Clay,106249,105952
2018-0717,Clay,105449,105815
2018-M007,Hard,104545,111202
2018-M021,Clay,105138,111577
2018-M009,Clay,106378,104291
2018-520,Clay,104999,104252
2018-6116,Hard,105051,105385
2018-560,Hard,200282,126207
2018-0311,Grass,106401,104918
2018-7694,Clay,111815,105497
2018-7696,Hard,126094,144719
2018-0341,Hard,105453,105932
2018-M001,Hard,105238,104678
2018-M-DC-2018-G2-AO-M-PHI-INA-01,Hard,202165,207176
2018-6932,Clay,111797,105077
2018-M006,Hard,105223,105683
2018-7290,Clay,105311,106378
2018-540,Grass,105023,111442
2018-540,Grass,106071,128034
2018-0414,Clay,106075,106329
2018-M035,Hard,200282,105449
2018-M-DC-2018-WG-M-FRA-CRO-01,Clay,106432,104871
2018-0421,Hard,105227,106043
2018-M015,Hard,105583,105577
2018-M024,Hard,106401,106045
2018-540,Grass,111456,111797
2018-6242,Hard,126610,105932
2018-M015,Hard,104926,126094
2018-M007,Hard,105223,105683
2018-M020,Hard,105992,104919
2018-0451,Hard,105550,105882
2018-M-DC-2018-WG-M-CAN-CRO-01,Clay,106432,133430
2018-0506,Clay,106233,104547
2018-M004,Hard,105223,104731
2018-M-DC-2018-G1-AM-M-COL-BRA-01,Hard,123755,106105
2018-0360,Clay,106378,106210
2018-M021,Clay,104755,104607
2018-M009,Clay,106298,104312
2018-6242,Hard,106121,111797
2018-M014,Hard,105173,106078
2018-560,Hard,106186,105138
2018-0439,Clay,111513,104655
2018-0328,Hard,126203,111513
2018-0375,Hard,104755,106000
2018-6932,Clay,106043,105643
2018-M006,Hard,103819,106432
2018-0410,Clay,105777,105732
2018-7290,Clay,126774,106148
2018-M021,Clay,106233,105643
2018-0322,Clay,105449,104586
2018-520,Clay,105208,104180
2018-0321,Grass,105550,105432
2018-540,Grass,105379,111815
2018-M035,Hard,105902,106186
2018-7650,Grass,105173,104792
2018-M-DC-2018-WG-PO-HUN-CZE-01,Clay,104586,200218
2018-0328,Hard,104468,105208
2018-M-DC-2018-G2-AO-M-THA-LBN-01,Hard,106397,133975
2018-0429,Hard,106058,111200
2018-0451,Hard,126094,106432
2018-0301,Hard,105138,105223
2018-M-DC-2018-G2-AM-M-VEN-GUA-01,Hard,106175,105499
2018-0375,Hard,111575,103970
2018-0375,Hard,105676,111575
2018-7161,Clay,106329,104547
2018-0506,Clay,105643,104198
2018-M007,Hard,100644,106432
2018-0360,Clay,105430,104312
2018-M-DC-2018-G1-AO-M-IND-CHN-01,Hard,105432,200059
2018-5014,Hard,106432,104527
2018-520,Clay,109739,133430
2018-540,Grass,106210,104252
2018-0314,Clay,106177,103893
2018-7485,Hard,111815,104719
2018-5014,Hard,104731,105062
2018-6116,Hard,105992,105902
2018-7485,Hard,105526,103852
2018-M006,Hard,105223,103819
2018-0451,Hard,104792,105376
2018-0301,Hard,111202,104545
2018-M-DC-2018-WG-M-HUN-BEL-01,Hard,200436,106333
2018-M-DC-2018-G2-EPA-M-SLO-POL-01,Hard,105379,128034
2018-7161,Clay,105413,105807
2018-0496,Hard,104468,109739
2018-6932,Clay,104792,105227
2018-0533,Clay,111797,104547
2018-7290,Clay,126207,105807
2018-0314,Clay,105634,200000
2018-M024,Hard,103819,104919
2018-560,Hard,106043,105643
2018-M014,Hard,104312,105373
2018-0414,Clay,200484,103970
2018-0352,Hard,105453,105173
2018-0352,Hard,106058,104291
2018-0421,Hard,105539,126094
2018-0495,Hard,111575,104797
2018-0360,Clay,104291,105916
2018-0451,Hard,105550,105806
2018-M001,Hard,105332,104919
2018-0506,Clay,105379,106043
2018-M007,Hard,105807,104731
2018-M007,Hard,105583,104547
2018-M021,Clay,106000,103898
2018-520,Clay,105227,105902
2018-520,Clay,104198,104527
2018-7581,Hard,126203,105023
2018-7696,Hard,144719,126207
2018-0568,Hard,106233,105138
2018-540,Grass,126774,111577
2018-0421,Hard,105916,105311
2018-540,Grass,104745,105062
2018-0315,Grass,105065,106216
2018-M020,Hard,104797,106000
2018-M001,Hard,104926,105238
2018-6932,Clay,104269,106233
2018-M006,Hard,106044,106210
2018-M007,Hard,105732,126203
2018-7290,Clay,105311,126774
2018-520,Clay,100644,105575
2018-540,Grass,103819,105173
2018-0414,Clay,104919,106075
2018-0319,Clay,126610,104468
2018-540,Grass,104180,111581
2018-M024,Hard,105227,105657
2018-0429,Hard,105815,106298
2018-560,Hard,104545,105683
2018-0311,Grass,105173,103898
2018-M-DC-2018-G1-EPA-M-CZE-ISR-01,Clay,200075,106324
2018-0495,Hard,105526,104890
2018-M-DC-2018-WG-M-AUS-GER-01,Hard,100644,200282
2018-M001,Hard,103852,106043
2018-7161,Clay,106329,104792
2018-0506,Clay,104792,104919
2018-0533,Clay,124116,106065
2018-0360,Clay,104999,103893
2018-M007,Hard,104545,105223
2018-M021,Clay,105643,104999
2018-M-DC-2018-WG-PO-GBR-UZB-01,Hard,105554,104797
2018-M-DC-2018-WG-PO-ARG-COL-01,Clay,105550,123755
2018-7650,Grass,105216,105550
2018-0352,Hard,105683,104542
2018-M035,Hard,105385,104527
2018-M-DC-2018-WG-PO-JPN-BIH-01,Hard,106415,105806
2018-6242,Hard,105815,105575
2018-M024,Hard,103819,105376
2018-M035,Hard,105676,126207
2018-0329,Hard,105453,105216
2018-580,Hard,104312,144895
2018-580,Hard,111575,105166
2018-M-DC-2018-G2-EPA-M-TUN-FIN-01,Hard,200325,144826
2018-7161,Clay,111797,105882
2018-6932,Clay,104926,105379
2018-M007,Hard,105577,103333
2018-7290,Clay,105311,126207
2018-520,Clay,105223,103917
2018-0321,Grass,103819,104999
2018-0500,Grass,111575,105453
2018-M024,Hard,103819,105676
2018-0329,Hard,105526,104871
2018-6242,Hard,111202,104198
2018-5014,Hard,126774,111575
2018-560,Hard,105683,104122
2018-5014,Hard,200282,105577
2018-M001,Hard,105357,200615
2018-580,Hard,105051,104545
2018-0375,Hard,105676,104468
2018-0506,Clay,106233,105550
2018-0495,Hard,105216,125802
2018-M007,Hard,100644,105807
2018-M021,Clay,105526,105657
2018-M009,Clay,105992,105216
2018-0321,Grass,104999,104022
2018-540,Grass,106401,104898
2018-6116,Hard,200282,128034
2018-5014,Hard,104925,104731
2018-560,Hard,105526,103898
2018-0605,Hard,106233,105453
2018-0341,Hard,104468,105430
2018-7163,Clay,105341,104022
2018-M020,Hard,111577,111442
2018-7161,Clay,106148,105077
2018-6932,Clay,111797,104655
2018-M007,Hard,104022,105550
2018-0410,Clay,104755,104999
2018-520,Clay,105132,105074
2018-0321,Grass,105550,105357
2018-0414,Clay,105932,104919
2018-0319,Clay,105430,106075
2018-M-DC-2018-WG-M-FRA-CRO-01,Clay,105227,104542
2018-0421,Hard,104745,104527
2018-540,Grass,126203,132283
2018-M015,Hard,126610,104919
2018-M024,Hard,106432,106421
2018-6242,Hard,105449,126205
2018-M015,Hard,105936,103852
2018-M007,Hard,104545,100644
2018-0451,Hard,105806,103852
2018-M001,Hard,105173,105575
2018-M-DC-2018-G2-EPA-M-IRL-DEN-01,Hard,126530,126526
2018-0375,Hard,104542,103917
2018-7161,Clay,105589,103607
2018-0506,Clay,105379,105643
2018-0360,Clay,104198,123921
2018-M021,Clay,106432,105807
2018-M009,Clay,106065,104655
2018-6242,Hard,106421,105992
2018-M010,Grass,105657,105379
2018-M014,Hard,111575,106421
2018-520,Clay,106233,105453
2018-0341,Hard,104468,106210
2018-0429,Hard,111200,109739
2018-0328,Hard,105227,133430
2018-7480,Hard,105223,106000
2018-M007,Hard,106210,105041
2018-7163,Clay,105583,105357
2018-0451,Hard,105376,126610
2018-0891,Hard,111797,104665
2018-M001,Hard,200282,106000
2018-M-DC-2018-WG-M-USA-SRB-01,Clay,104545,105583
2018-6932,Clay,106043,104792
2018-M021,Clay,106432,105526
2018-520,Clay,111577,111797
2018-0321,Grass,105683,105916
2018-540,Grass,105430,105807
2018-M-DC-2018-WG-M-CRO-USA-01,Clay,106432,105449
2018-M015,Hard,105223,111575
2018-0328,Hard,103819,105526
2018-7650,Grass,106000,105173
2018-7480,Hard,106218,105656
2018-M-DC-2018-G2-AO-M-THA-LBN-01,Hard,200273,106397
2018-M-DC-2018-WG-PO-JPN-BIH-01,Hard,133297,138431
2018-540,Grass,105208,126652
2018-520,Clay,104745,105550
2018-0360,Clay,106148,109739
2018-M-DC-2018-G1-AM-M-ARG-CHI-01,Clay,111797,106044
2018-M-DC-2018-WG-M-AUS-GER-01,Hard,106401,105526
2018-M020,Hard,200282,111581
2018-580,Hard,126094,103970
2018-7161,Clay,103333,124014
2018-0506,Clay,106233,104792
2018-0495,Hard,105539,104882
2018-M-DC-2018-G1-AO-M-PAK-UZB-01,Grass,126939,207836
2018-M021,Clay,106043,105173
2018-520,Clay,103898,104919
2018-0316,Clay,104269,132283
2018-5014,Hard,105614,106401
2018-0314,Clay,103852,105643
2018-7485,Hard,111456,111797
2018-5014,Hard,100644,105932
2018-0451,Hard,106233,105379
2018-M-DC-2018-WG-M-CAN-CRO-01,Clay,106432,105577
2018-6932,Clay,104269,104926
2018-0410,Clay,105676,105138
2018-7163,Clay,104871,105932
2018-0500,Grass,105138,105526
2018-0316,Clay,104269,105155
2018-7480,Hard,106415,105671
2018-0319,Clay,111513,105932
2018-M035,Hard,105657,105806
2018-6116,Hard,104571,126207
2018-560,Hard,126203,106186
2018-M014,Hard,105806,104291
2018-0352,Hard,104731,105932
2018-0352,Hard,104925,105227
2018-M-DC-2018-G1-AO-M-IND-CHN-01,Hard,105585,111576
2018-0533,Clay,104198,105643
2018-0360,Clay,104755,105341
2018-M001,Hard,111577,104468
2018-7161,Clay,105589,106065
2018-0506,Clay,106233,105379
2018-0495,Hard,104571,104678
2018-M-DC-2018-G1-AM-M-ARG-CHI-01,Clay,106043,106426
2018-M021,Clay,103852,104665
2018-M009,Clay,105332,104755
2018-0421,Hard,105166,105051
2018-7581,Hard,104926,105051
2018-7696,Hard,126774,144719
2018-540,Grass,105341,104527
2018-0421,Hard,105332,111577
2018-0360,Clay,105311,105932
2018-M014,Hard,106078,105332
2018-540,Grass,103819,105526
2018-7163,Clay,106121,126610
2018-0410,Clay,105453,104312
2018-0891,Hard,104731,105332
2018-0301,Hard,104898,105041
2018-M-DC-2018-WG-M-KAZ-SUI-01,Hard,144817,122236
2018-M-DC-2018-G2-AM-M-VEN-GUA-01,Hard,106175,108739
2018-7434,Hard,104571,106099
2018-7434,Hard,105657,104898
2018-6932,Clay,106043,111797
2018-520,Clay,126774,126535
2018-0315,Grass,105449,104534
2018-M010,Grass,106109,105577
2018-M014,Hard,104312,105936
2018-560,Hard,104731,133430
2018-540,Grass,104312,105441
2018-0429,Hard,106214,105132
2018-560,Hard,105227,105676
2018-0360,Clay,105806,104898
2018-0451,Hard,126094,105550
2018-0424,Hard,104022,105051
2018-0495,Hard,106000,120424
2018-M021,Clay,104792,105932
2018-M009,Clay,105807,111577
2018-0500,Grass,106432,100644
2018-0500,Grass,105453,104897
2018-540,Grass,105223,103852
2018-M035,Hard,106045,106298
2018-0337,Hard,105453,111575
2018-M024,Hard,104925,105173
2018-M-DC-2018-WG-PO-ARG-COL-01,Clay,104547,200711
2018-M009,Clay,104259,106058
2018-0352,Hard,105062,105732
2018-0568,Hard,106000,105550
2018-M024,Hard,104919,106298
2018-M035,Hard,105453,133430
2018-6932,Clay,106043,104269
2018-0533,Clay,104198,105589
2018-0410,Clay,100644,105526
2018-7480,Hard,111200,103333
2018-520,Clay,144895,103333
2018-0319,Clay,110602,200514
2018-0329,Hard,105683,105173
2018-M014,Hard,106421,105575
2018-M024,Hard,104925,105227
2018-520,Clay,104755,104291
2018-560,Hard,133430,200000
2018-0329,Hard,104755,104731
2018-5014,Hard,111456,105683
2018-560,Hard,104468,144750
2018-5014,Hard,106378,105936
2018-0321,Grass,106298,104797
2018-0410,Clay,105777,104259
2018-0410,Clay,105379,105806
2018-0451,Hard,104792,106233
2018-0301,Hard,111575,104655
2018-0424,Hard,103333,111577
2018-0495,Hard,106432,104755
2018-0533,Clay,111797,105583
2018-0360,Clay,104468,105332
2018-M021,Clay,100644,105539
2018-M009,Clay,105449,104527
2018-560,Hard,144719,105074
2018-M-DC-2018-WG-PO-AUT-AUS-01,Clay,110602,200282
2018-5014,Hard,100644,106378
2018-0500,Grass,106432,104312
2018-560,Hard,105676,104898
2018-0414,Clay,106075,106000
2018-0605,Hard,104731,105453
2018-7163,Clay,104678,106071
2018-M020,Hard,111202,104180
2018-M-DC-2018-G2-AM-M-BOL-PER-01,Clay,122669,105156
2018-7161,Clay,103607,105064
2018-M004,Hard,100644,111456
2018-M007,Hard,111581,111153
2018-520,Clay,105643,105064
2018-0321,Grass,106401,103852
2018-0311,Grass,103898,104607
2018-0341,Hard,104897,105453
2018-M-DC-2018-WG-M-FRA-CRO-01,Clay,105227,106298
2018-0421,Hard,126774,100644
2018-7581,Hard,200000,200059
2018-0316,Clay,104926,105643
2018-M015,Hard,105777,105815
2018-M024,Hard,105676,126774
2018-0360,Clay,105311,124079
2018-M006,Hard,106026,106298
2018-0410,Clay,106233,104925
2018-M-DC-2018-WG-M-ESP-GER-01,Clay,104745,104259
2018-0451,Hard,106233,126774
2018-0301,Hard,105223,103970
2018-0375,Hard,126094,104198
2018-7161,Clay,104792,134770
2018-0424,Hard,105992,105385
2018-0495,Hard,105936,105341
2018-6242,Hard,105449,105807
2018-540,Grass,104259,105539
2018-0439,Clay,105550,105379
2018-560,Hard,104792,105487
2018-0328,Hard,106421,109739
2018-M007,Hard,105449,103607
2018-0891,Hard,106329,105074
2018-580,Hard,105539,104252
2018-0375,Hard,105732,104932
2018-7434,Hard,105806,104252
2018-M004,Hard,105376,106412
2018-0533,Clay,105077,106105
2018-0321,Grass,105683,106298
2018-0311,Grass,103852,105683
2018-540,Grass,126774,106296
2018-0328,Hard,100644,105138
2018-0568,Hard,106000,111192
2018-0337,Hard,126094,106045
2018-M016,Grass,104999,105449
2018-0410,Clay,104745,111575
2018-0410,Clay,104755,106043
2018-M-DC-2018-G2-AO-M-LBN-TPE-01,Hard,133975,106396
2018-7161,Clay,106148,105943
2018-0424,Hard,105376,104882
2018-0495,Hard,105332,106415
2018-0533,Clay,106044,103607
2018-M021,Clay,104655,105077
2018-M009,Clay,105077,105643
2018-520,Clay,105430,106296
2018-5014,Hard,104755,104919
2018-520,Clay,106432,105341
2018-560,Hard,105227,105657
2018-7485,Hard,104468,104660
2018-560,Hard,104755,105216
2018-6116,Hard,105041,105432
2018-580,Hard,134770,111460
2018-M-DC-2018-WG-M-USA-SRB-01,Clay,106353,105449
2018-7434,Hard,105041,105539
2018-M007,Hard,105577,126094
2018-7163,Clay,104297,105430
2018-0321,Grass,103819,106401
2018-540,Grass,104259,104180
2018-7480,Hard,105166,123755
2018-M035,Hard,106421,133297
2018-6242,Hard,105992,127339
2018-560,Hard,133430,104312
2018-7485,Hard,125802,106099
2018-6116,Hard,104999,104022
2018-M014,Hard,105539,105062
2018-0352,Hard,104545,105062
2018-0352,Hard,103819,105453
2018-0410,Clay,105453,105227
2018-M020,Hard,106401,105238
2018-M001,Hard,106421,111577
2018-0495,Hard,105732,105311
2018-0533,Clay,104655,104919
2018-M-DC-2018-G1-EPA-M-BIH-SVK-01,Clay,106000,105613
2018-M021,Clay,104545,105992
2018-M009,Clay,105932,111795
2018-520,Clay,105077,105062
2018-0321,Grass,105683,105806
2018-540,Grass,105453,106328
2018-0421,Hard,105992,111456
2018-7581,Hard,106071,105311
2018-7696,Hard,126774,128034
2018-540,Grass,111575,104571
2018-0421,Hard,100644,105614
2018-6967,Hard,104269,106121
2018-540,Grass,105173,106421
2018-540,Grass,104731,104312
2018-6242,Hard,144719,126094
2018-M001,Hard,106421,104926
2018-M-DC-2018-G2-EPA-M-SLO-POL-01,Hard,105379,111794
2018-0499,Hard,126207,133430
2018-M004,Hard,106423,122330
2018-0321,Grass,103819,105683
2018-0315,Grass,103917,105992
2018-0439,Clay,106065,111513
2018-7480,Hard,111815,105432
2018-560,Hard,105332,110602
2018-M014,Hard,111575,105173
2018-540,Grass,105683,111456
2018-M016,Grass,104999,105062
2018-0315,Grass,104719,105173
2018-M014,Hard,104312,105732
2018-560,Hard,105223,104269
2018-M007,Hard,105311,111577
2018-0410,Clay,104312,106378
2018-7480,Hard,104926,111815
2018-0429,Hard,105614,105657
2018-560,Hard,105453,104259
2018-0360,Clay,104665,105063
2018-M-DC-2018-G2-EPA-M-IRL-DEN-01,Hard,126526,200278
2018-M-DC-2018-G2-AM-M-PUR-MEX-01,Hard,106250,200274
2018-7161,Clay,105413,144895
2018-0424,Hard,104629,105449
2018-0495,Hard,105138,104252
2018-0533,Clay,104122,205734
2018-0410,Clay,100644,104755
2018-M021,Clay,105683,105777
2018-M009,Clay,106043,111797
2018-0337,Hard,106233,105023
2018-0568,Hard,133430,126610
2018-M009,Clay,133430,104607
2018-0352,Hard,105932,105357
2018-M024,Hard,104527,105453
2018-0301,Hard,103970,105311
2018-0375,Hard,103917,104460
2018-M-DC-2018-G1-AM-M-COL-BRA-01,Hard,123755,106329
2018-520,Clay,104871,104607
2018-520,Clay,106043,106361
2018-540,Grass,100644,105902
2018-7480,Hard,105341,105626
2018-520,Clay,105373,111513
2018-M035,Hard,100644,104999
2018-M024,Hard,105807,105614
2018-0329,Hard,126774,106121
2018-M024,Hard,104925,103819
2018-560,Hard,104312,105023
2018-0329,Hard,105453,126774
2018-5014,Hard,105138,111456
2018-5014,Hard,126774,104792
2018-0360,Clay,106378,105430
2018-0410,Clay,105777,105676
2018-M-DC-2018-G1-AO-M-PAK-UZB-01,Grass,103499,122109
2018-0301,Hard,105138,105449
2018-M-DC-2018-WG-M-ITA-JPN-01,Hard,105216,104312
2018-0424,Hard,105453,111511
2018-0495,Hard,104259,105163
2018-M021,Clay,133430,105332
2018-540,Grass,103852,105643
2018-540,Grass,200282,105732
2018-560,Hard,106233,105449
2018-5014,Hard,106432,105051
2018-560,Hard,105051,105936
2018-M035,Hard,200282,105577
2018-0500,Grass,105051,104259
2018-560,Hard,106043,144719
2018-0414,Clay,105932,104259
2018-0605,Hard,104731,106233
2018-580,Hard,104745,103607
2018-M-DC-2018-G2-AO-M-THA-SRI-01,Clay,106397,202462
2018-0533,Clay,111797,105550
2018-M007,Hard,200095,105985
2018-520,Clay,111200,104534
2018-520,Clay,105453,126125
2018-7480,Hard,111581,124014
2018-M035,Hard,105065,105575
2018-560,Hard,111575,132283
2018-0341,Hard,104468,104897
2018-0421,Hard,104731,105777
2018-7581,Hard,106071,105614
2018-M-DC-2018-WG-PO-SUI-SWE-01,Hard,111197,105757
2018-M015,Hard,106065,104571
2018-M024,Hard,105332,103970
2018-M001,Hard,200282,103852
2018-580,Hard,106401,104297
2018-M-DC-2018-G2-AO-M-IRI-HKG-01,Hard,138846,105606
2018-7161,Clay,105077,105589
2018-0424,Hard,104871,105882
2018-0360,Clay,105311,105806
2018-0410,Clay,104745,106233
2018-M007,Hard,106423,123921
2018-0410,Clay,105138,103852
2018-M021,Clay,106378,104925
2018-6242,Hard,111202,126610
2018-M015,Hard,105932,104291
2018-6242,Hard,106421,106121
2018-0315,Grass,105065,105359
2018-M010,Grass,106071,110536
2018-M014,Hard,105806,106401
2018-540,Grass,104198,105671
2018-0328,Hard,105967,106065
2018-0319,Clay,104797,105643
2018-0301,Hard,105138,106210
2018-M001,Hard,103893,105077
2018-M-DC-2018-G2-AM-M-PUR-MEX-01,Hard,106250,200620
2018-0375,Hard,104755,105676
2018-M-DC-2018-WG-M-FRA-ITA-01,Clay,106298,104312
2018-M-DC-2018-WG-M-ESP-GER-01,Clay,104745,100644
2018-M009,Clay,105227,105992
2018-520,Clay,105916,105577
2018-540,Grass,104792,103893
2018-7480,Hard,105023,106412
2018-M-DC-2018-WG-M-FRA-ESP-01,Hard,105077,104755
2018-0328,Hard,105657,126203
2018-0337,Hard,104926,106000
2018-M016,Grass,105062,200282
2018-M024,Hard,105777,104999
2018-0337,Hard,104731,103781
2018-M001,Hard,104926,105173
2018-M-DC-2018-G2-AM-M-ESA-URU-01,Hard,105656,105899
2018-M-DC-2018-G2-AM-M-PUR-MEX-01,Hard,105688,200619
2018-M004,Hard,105992,104545
2018-0495,Hard,105216,105526
2018-M-DC-2018-WG-M-FRA-ITA-01,Clay,106298,104926
2018-0360,Clay,104291,104999
2018-0410,Clay,105453,100644
2018-M-DC-2018-G1-EPA-M-BIH-SVK-01,Clay,105373,106000
2018-M021,Clay,105676,104898
2018-520,Clay,126610,106214
2018-5014,Hard,200059,104810
2018-520,Clay,104999,104660
2018-7485,Hard,105577,104919
2018-560,Hard,106298,120424
2018-5014,Hard,111797,104999
2018-0496,Hard,105341,200000
2018-M-DC-2018-WG-M-GBR-ESP-01,Clay,105077,111815
2018-M001,Hard,106000,105526
2018-M001,Hard,106421,103893
2018-0496,Hard,125802,111513
2018-M007,Hard,111797,111815
2018-0533,Clay,105550,144895
2018-520,Clay,104545,111511
2018-520,Clay,105332,106148
2018-0500,Grass,106045,105041
2018-7485,Hard,106378,105077
2018-M024,Hard,133430,106378
2018-560,Hard,105526,105065
2018-M014,Hard,105732,122330
2018-0352,Hard,111575,105051
2018-M021,Clay,105077,105376
2018-M020,Hard,105777,106378
2018-M001,Hard,200282,104269
2018-M-DC-2018-G2-EPA-M-ROU-LUX-01,Hard,111167,126102
2018-7161,Clay,105077,106329
2018-0533,Clay,104547,105064
2018-M-DC-2018-G1-AM-M-COL-BRA-01,Hard,105292,106252
2018-0410,Clay,104745,105777
2018-M021,Clay,104731,105062
2018-0322,Clay,105376,103970
2018-520,Clay,105732,105166
2018-540,Grass,104620,104655
2018-0421,Hard,125802,105216
2018-7581,Hard,104926,126203
2018-7696,Hard,126774,126207
2018-540,Grass,126207,103898
2018-0421,Hard,106421,200000
2018-540,Grass,104792,105023
2018-540,Grass,105550,105227
2018-M001,Hard,106421,200282
2018-M-DC-2018-G2-EPA-M-ROU-LUX-01,Hard,105657,144776
2018-7161,Clay,105077,105933
2018-M007,Hard,106026,105806
2018-M-DC-2018-G1-AO-M-PAK-UZB-01,Grass,104797,103499
2018-520,Clay,105449,105173
2018-520,Clay,111575,104890
2018-0315,Grass,103333,200282
2018-0315,Grass,105359,103917
2018-560,Hard,104745,105577
2018-M016,Grass,105041,106065
2018-M014,Hard,105936,105539
2018-560,Hard,106432,106421
2018-540,Grass,105992,106148
2018-0360,Clay,106072,105077
2018-0410,Clay,104745,105453
2018-M001,Hard,200282,105332
2018-0375,Hard,106298,104755
2018-0499,Hard,126207,105376
2018-M004,Hard,104731,105430
2018-0533,Clay,106105,106329
2018-M-DC-2018-WG-M-FRA-ITA-01,Clay,104926,104871
2018-M-DC-2018-WG-M-USA-BEL-01,Hard,105023,105074
2018-M021,Clay,104259,105138
2018-560,Hard,104925,105311
2018-0337,Hard,104731,106432
2018-0337,Hard,106378,106043
2018-0319,Clay,105373,104797
2018-0352,Hard,111575,105936
2018-M-DC-2018-G2-AM-M-URU-MEX-01,Clay,105899,106412
2018-M035,Hard,111202,104571
2018-520,Clay,105807,106075
2018-0316,Clay,104926,104269
2018-M024,Hard,105916,104198
2018-0360,Clay,104467,104259
2018-M001,Hard,105332,104180
2018-M-DC-2018-G2-AO-M-PHI-INA-01,Hard,202165,105812
2018-0495,Hard,105138,104291
2018-0533,Clay,104297,105815
2018-M007,Hard,111577,104571
2018-M007,Hard,104919,105385
2018-0322,Clay,105815,105806
2018-520,Clay,104468,105932
2018-0316,Clay,104926,104755
2018-520,Clay,104792,200611
2018-M035,Hard,126094,106045
2018-0329,Hard,133297,104898
2018-6242,Hard,105015,105732
2018-560,Hard,104871,126094
2018-0329,Hard,106421,105683
2018-0328,Hard,126774,105376
2018-0568,Hard,106421,105062
2018-5014,Hard,105332,105807
2018-0301,Hard,105376,106058
2018-M-DC-2018-G2-EPA-M-TUN-FIN-01,Hard,104291,200325
2018-7434,Hard,104882,111513
2018-0533,Clay,104547,104297
2018-M007,Hard,105051,104468
2018-M007,Hard,104898,105216
2018-0425,Clay,104468,125802
2018-M-DC-2018-G1-EPA-M-POR-SWE-01,Hard,111200,105671
2018-M-DC-2018-WG-M-KAZ-CRO-01,Clay,105227,105062
2018-M021,Clay,105583,104755
2018-5014,Hard,103819,105453
2018-6242,Hard,104312,105311
2018-0500,Grass,103819,105332
2018-560,Hard,105453,104792
2018-0414,Clay,104269,105583
2018-0605,Hard,105453,103819
2018-M-DC-2018-WG-M-FRA-NED-01,Hard,105173,104898
2018-M-DC-2018-G2-EPA-M-GEO-MAR-01,Clay,104467,105932
2018-M-DC-2018-G2-EPA-M-IRL-DEN-01,Hard,104233,126530
2018-7161,Clay,105413,104297
2018-M-DC-2018-G1-AO-M-IND-CHN-01,Hard,106368,105842
2018-7163,Clay,111513,104797
2018-M-DC-2018-G2-AM-M-MEX-PER-01,Hard,126204,122669
2018-0321,Grass,105916,106045
2018-0316,Clay,105643,105357
2018-0315,Grass,104719,104180
2018-M024,Hard,111575,105077
2018-0568,Hard,105373,105539
2018-7694,Clay,104198,123921
2018-0421,Hard,111575,104898
2018-7581,Hard,144750,104792
2018-540,Grass,105023,104660
2018-M015,Hard,106378,105376
2018-520,Clay,109739,105992
2018-M024,Hard,104871,104269
2018-M-DC-2018-WG-M-ESP-GER-01,Clay,103970,104259
2018-M020,Hard,106401,105777
2018-M-DC-2018-WG-M-HUN-BEL-01,Hard,105676,105916
2018-M-DC-2018-G2-AM-M-BOL-PER-01,Clay,106410,105479
2018-0533,Clay,105643,106148
2018-0533,Clay,104655,124116
2018-0425,Clay,104291,105815
2018-M007,Hard,104871,104297
2018-7163,Clay,106210,106329
2018-M021,Clay,105223,106000
2018-M015,Hard,106378,105583
2018-6242,Hard,106421,105449
2018-540,Grass,106421,106432
2018-0328,Hard,104312,106121
2018-M-DC-2018-G1-EPA-M-POR-SWE-01,Hard,105311,111200
2018-M-DC-2018-WG-M-FRA-NED-01,Hard,104755,104898
2018-M-DC-2018-G2-EPA-M-EST-LTU-01,Hard,105827,105132
2018-7161,Clay,111797,105487
2018-7434,Hard,109739,104291
2018-0495,Hard,106298,105936
2018-0425,Clay,104919,104999
2018-M007,Hard,109739,105916
2018-M-DC-2018-G1-EPA-M-AUT-RUS-01,Hard,103781,105539
2018-M009,Clay,105077,104545
2018-0311,Grass,105023,126652
2018-7480,Hard,106078,106071
2018-540,Grass,105341,106026
2018-M021,Clay,100644,104919
2018-0328,Hard,106421,126774
2018-0568,Hard,105373,104926
2018-M024,Hard,111575,105023
2018-7480,Hard,111815,105173
2018-540,Grass,106000,109739
2018-M-DC-2018-G1-EPA-M-AUT-RUS-01,Hard,106421,124116
2018-0301,Hard,105223,111575
2018-0375,Hard,126535,105613
2018-0375,Hard,104542,126094
2018-0375,Hard,106298,104542
2018-0499,Hard,133430,111577
2018-M004,Hard,124014,106058
2018-0495,Hard,106298,105216
2018-M-DC-2018-WG-M-ESP-GER-01,Clay,100644,103970
2018-M007,Hard,104797,200175
2018-520,Clay,105227,128034
2018-0316,Clay,105357,105819
2018-0337,Hard,104269,105732
2018-520,Clay,104731,104655
2018-560,Hard,104571,104022
2018-5014,Hard,105376,105916
2018-M007,Hard,106281,106216
2018-580,Hard,105238,104890
2018-M-DC-2018-WG-M-GBR-ESP-01,Clay,105077,106281
2018-0375,Hard,126094,104871
2018-7161,Clay,106329,105561
2018-0533,Clay,104919,104122
2018-7163,Clay,103893,105477
2018-M-DC-2018-WG-M-KAZ-CRO-01,Clay,105062,106432
2018-0316,Clay,104926,144707
2018-0439,Clay,106210,105882
2018-7485,Hard,106043,104468
2018-560,Hard,105732,106026
2018-5014,Hard,126203,104898
2018-6116,Hard,106401,111511
2018-M014,Hard,106078,106000
2018-0352,Hard,106043,103852
2018-0341,Hard,105575,126774
2018-0425,Clay,105332,111797
2018-0301,Hard,105138,104898
2018-580,Hard,106378,104731
2018-M-DC-2018-G2-AO-M-THA-SRI-01,Clay,134886,127143
2018-7434,Hard,104312,104022
2018-0407,Hard,106000,105657
2018-M004,Hard,111577,105932
2018-M007,Hard,105332,104999
2018-0410,Clay,111575,104468
2018-0360,Clay,104665,106072
2018-0421,Hard,105683,105676
2018-7581,Hard,105051,105539
2018-0352,Hard,106233,106058
2018-7581,Hard,106071,104926
2018-7696,Hard,200282,144719
2018-540,Grass,106378,105614
2018-0421,Hard,104925,105166
2018-M014,Hard,105575,105379
2018-540,Grass,104731,104259
2018-M007,Hard,105357,105376
2018-M020,Hard,105992,200282
2018-0301,Hard,104898,105376
2018-7161,Clay,106148,103893
2018-0407,Hard,126094,106298
2018-M-DC-2018-G1-AM-M-COL-BRA-01,Hard,106329,105053
2018-7163,Clay,106329,105589
2018-M-DC-2018-G2-EPA-M-EGY-DEN-01,Hard,208029,126174
2018-0500,Grass,105216,106233
2018-540,Grass,105173,105992
2018-0315,Grass,105359,104660
2018-6242,Hard,105936,126203
2018-M016,Grass,104999,105041
2018-0315,Grass,105065,105051
2018-M014,Hard,105173,106065
2018-560,Hard,104545,105583
2018-540,Grass,103893,111513
2018-0495,Hard,106432,105332
2018-0891,Hard,105062,105430
2018-0301,Hard,103970,111202
2018-M-DC-2018-G2-AO-M-PHI-INA-01,Hard,200460,200045
2018-M-DC-2018-G2-AO-M-THA-SRI-01,Clay,127143,202462
2018-0506,Clay,106043,104890
2018-M007,Hard,105311,105992
2018-0410,Clay,105227,104269
2018-M021,Clay,106043,103852
2018-M009,Clay,105453,105777
2018-560,Hard,105357,103819
2018-0429,Hard,111202,106045
2018-0337,Hard,104269,104792
2018-M-DC-2018-WG-PO-GBR-UZB-01,Hard,127300,111815
2018-7480,Hard,105223,106218
2018-M009,Clay,105376,132283
2018-0352,Hard,103852,200282
2018-M-DC-2018-G2-AM-M-URU-MEX-01,Clay,104655,126204
2018-M035,Hard,105657,104871
2018-520,Clay,104925,104297
2018-M024,Hard,105223,111202
2018-0360,Clay,105077,144760
2018-M-DC-2018-G1-AM-M-COL-BAR-01,Hard,123755,104656
2018-0375,Hard,104755,106421
2018-7161,Clay,106148,105413
2018-M004,Hard,105051,105023
2018-0495,Hard,104898,111460
2018-0533,Clay,104926,104198
2018-M-DC-2018-G1-EPA-M-AUT-RUS-01,Hard,110602,126094
2018-7163,Clay,105477,111200
2018-M009,Clay,104925,105932
2018-0329,Hard,105373,105449
2018-6242,Hard,104547,105041
2018-0319,Clay,105373,124116
2018-560,Hard,104731,105992
2018-0329,Hard,133430,105526
2018-5014,Hard,105051,106233
2018-M004,Hard,106043,104269
2018-0495,Hard,106298,111575
2018-M-DC-2018-G2-EPA-M-EGY-DEN-01,Hard,126174,109698
2018-0425,Clay,105550,105376
2018-M021,Clay,104745,104792
2018-0321,Grass,106298,200484
2018-0500,Grass,106045,105216
2018-540,Grass,133430,104871
2018-540,Grass,111575,126207
2018-0439,Clay,105539,103893
2018-560,Hard,103819,106415
2018-5014,Hard,104925,100644
2018-560,Hard,104259,105870
2018-6116,Hard,111202,126203
2018-560,Hard,104259,105051
2018-0414,Clay,104655,105916
2018-0341,Hard,104897,144719
2018-M004,Hard,103970,126094
2018-0495,Hard,126774,104259
2018-M020,Hard,105238,104547
2018-580,Hard,105357,106432
2018-M-DC-2018-WG-M-GBR-ESP-01,Clay,111815,105138
2018-M-DC-2018-G2-AM-M-BOL-PER-01,Clay,126502,105273
2018-M-DC-2018-G2-EPA-M-TUR-ZIM-01,Hard,105626,117356
2018-0375,Hard,104468,120424
2018-7161,Clay,106148,111797
2018-0360,Clay,106378,104755
2018-0568,Hard,126610,104198
2018-6967,Hard,104918,105676
2018-0421,Hard,104745,105227
2018-7581,Hard,104291,104571
2018-M015,Hard,105916,104312
2018-520,Clay,105074,106026
2018-M024,Hard,105657,104259
2018-M004,Hard,105223,104999
2018-7163,Clay,103893,117356
2018-0425,Clay,104297,111577
2018-M001,Hard,105173,105539
2018-580,Hard,105676,104897
2018-M-DC-2018-G2-EPA-M-SLO-POL-01,Hard,111794,105641
2018-0375,Hard,105332,104999
2018-0506,Clay,104269,106329
2018-M006,Hard,105539,111575
2018-0495,Hard,105138,106432
2018-6242,Hard,105526,106065
2018-M015,Hard,104926,105916
2018-560,Hard,104745,103970
2018-M014,Hard,111575,105806
2018-0414,Clay,105932,105807
2018-M-DC-2018-WG-PO-CAN-NED-01,Hard,105683,105691
2018-0314,Clay,144817,104597
2018-M007,Hard,105430,105575
2018-M-DC-2018-WG-M-KAZ-CRO-01,Clay,105227,122078
2018-0301,Hard,133430,104297
2018-M-DC-2018-G2-AO-M-LBN-TPE-01,Hard,200273,134120
2018-M-DC-2018-G2-EPA-M-SLO-POL-01,Hard,128034,105587
2018-0499,Hard,111202,111815
2018-0499,Hard,106058,105441
2018-0360,Clay,105932,126610
2018-M009,Clay,105676,106065
2018-520,Clay,104926,111200
2018-M016,Grass,105041,106043
2018-0319,Clay,109739,105132
2018-540,Grass,104527,105777
2018-M-DC-2018-WG-PO-SUI-SWE-01,Hard,105967,105436
2018-M021,Clay,104545,104655
2018-0328,Hard,103819,104468
2018-M024,Hard,104898,100644
2018-M035,Hard,111511,104545
2018-0316,Clay,105967,104620
2018-0425,Clay,144719,105311
2018-M007,Hard,133430,104678
2018-0410,Clay,104999,106298
2018-M001,Hard,105332,105379
2018-0499,Hard,105449,105539
2018-M004,Hard,111202,105385
2018-0495,Hard,104291,105777
2018-M007,Hard,106415,200282
2018-0533,Clay,104926,106249
2018-0360,Clay,105932,104467
2018-540,Grass,104925,111575
2018-0429,Hard,105815,106214
2018-M010,Grass,126774,105441
2018-0316,Clay,103970,144645
2018-0316,Clay,105807,106329
2018-7485,Hard,104792,105074
2018-560,Hard,105311,104719
2018-5014,Hard,105223,104755
2018-0360,Clay,106378,104291
2018-0410,Clay,106233,126094
2018-M007,Hard,105311,105676
2018-7163,Clay,104291,104947
2018-7161,Clay,105933,105870
2018-7434,Hard,106075,105430
2018-0499,Hard,133430,126203
2018-M004,Hard,105173,105575
2018-520,Clay,106378,105916
2018-0500,Grass,126774,106298
2018-6116,Hard,104999,105065
2018-7485,Hard,104792,105577
2018-560,Hard,105932,106058
2018-M014,Hard,105332,104999
2018-0352,Hard,100644,126207
2018-0341,Hard,105332,111460
2018-0410,Clay,104745,105379
2018-0360,Clay,104755,104468
2018-0425,Clay,103333,103990
2018-M-DC-2018-G1-EPA-M-BIH-SVK-01,Clay,105806,106075
2018-0891,Hard,105227,105732
2018-0375,Hard,106298,105332
2018-0499,Hard,111202,105015
2018-M004,Hard,133430,105453
2018-0533,Clay,104547,104792
2018-0410,Clay,105453,106421
2018-7581,Hard,126610,105432
2018-0352,Hard,104925,103819
2018-0421,Hard,126207,106065
2018-540,Grass,103565,105077
2018-0321,Grass,104468,104970
2018-6967,Hard,105732,105583
2018-7696,Hard,126774,126094
2018-540,Grass,104925,104547
2018-0421,Hard,126774,106233
2018-540,Grass,105526,103333
2018-6967,Hard,105732,126774
2018-7163,Clay,104871,105583
2018-M007,Hard,104022,104180
2018-580,Hard,133430,126774
2018-0499,Hard,105449,105683
2018-M004,Hard,106233,111815
2018-0495,Hard,105539,106000
2018-M009,Clay,133430,104898
2018-520,Clay,104545,104547
2018-540,Grass,104745,104534
2018-540,Grass,111456,105550
2018-6242,Hard,106421,200282
2018-0315,Grass,106328,106109
2018-0315,Grass,105173,111442
2018-M010,Grass,105657,105216
2018-M014,Hard,111575,104586
2018-560,Hard,105683,104527
2018-540,Grass,104792,104755
2018-0425,Clay,126774,144895
2018-M001,Hard,103852,126846
2018-M-DC-2018-G2-EPA-M-EST-LTU-01,Hard,105132,207973
2018-M007,Hard,106421,126774
2018-7163,Clay,104871,105341
2018-M021,Clay,106378,105676
2018-0500,Grass,106432,103819
2018-540,Grass,105223,105332
2018-0439,Clay,105477,105916
2018-7480,Hard,106415,126203
2018-560,Hard,104745,106233
2018-0429,Hard,126774,105357
2018-0337,Hard,105062,105916
2018-M-DC-2018-G2-EPA-M-ROU-POL-01,Clay,128034,105657
2018-0568,Hard,106421,105311
2018-7650,Grass,105932,106148
2018-M009,Clay,105807,105449
2018-0352,Hard,126207,103917
2018-M-DC-2018-G2-AM-M-URU-MEX-01,Clay,104655,106250
2018-M035,Hard,106045,111575
2018-0410,Clay,105683,106065
2018-0301,Hard,105138,105030
2018-M001,Hard,104919,104999
2018-M-DC-2018-G1-AO-M-CHN-NZL-01,Hard,200059,104907
2018-0499,Hard,105376,105449
2018-0495,Hard,126774,105062
2018-0533,Clay,111797,105077
2018-M007,Hard,111202,105051
2018-0410,Clay,105526,104926
2018-7163,Clay,106121,104297
2018-M035,Hard,126774,105676
2018-0329,Hard,106421,106043
2018-6242,Hard,126610,103898
2018-520,Clay,105449,105526
2018-560,Hard,105223,105385
2018-0329,Hard,105453,104755
2018-0316,Clay,126610,104919
2018-7163,Clay,104297,104678
2018-0360,Clay,104665,125802
2018-M020,Hard,105051,126207
2018-M-DC-2018-G2-EPA-M-EST-LTU-01,Hard,105575,144807
2018-M-DC-2018-G2-AM-M-PUR-MEX-01,Hard,105688,200620
2018-7434,Hard,105311,106220
2018-M004,Hard,105992,106043
2018-0533,Clay,104926,104655
2018-0410,Clay,105676,126774
2018-M021,Clay,104731,104259
2018-0321,Grass,106401,109739
2018-560,Hard,103898,106065
2018-560,Hard,103917,144895
2018-6116,Hard,104545,104999
2018-0500,Grass,105138,111575
2018-0341,Hard,105376,104542
2018-0410,Clay,105227,105683
2018-580,Hard,105807,106186
2018-M-DC-2018-G2-EPA-M-GEO-MAR-01,Clay,144760,105932
2018-M-DC-2018-G2-EPA-M-ROU-LUX-01,Hard,126613,144776
2018-M004,Hard,100644,105376
2018-0533,Clay,104297,106044
2018-0360,Clay,104468,106148
2018-M009,Clay,100644,106378
2018-520,Clay,105077,134770
2018-0311,Grass,103852,105676
2018-0568,Hard,104527,105379
2018-0605,Hard,103819,104731
2018-0568,Hard,133430,104629
2018-6967,Hard,200282,106000
2018-0421,Hard,126774,104731
2018-M015,Hard,126094,105311
2018-M007,Hard,105777,109739
2018-0533,Clay,104926,111797
2018-0495,Hard,105936,104571
2018-M020,Hard,106378,133430
2018-580,Hard,106000,103893
2018-M-DC-2018-G2-EPA-M-EGY-NOR-01,Hard,105747,126340
2018-0407,Hard,105777,105676
2018-0496,Hard,106000,105062
2018-M004,Hard,103852,106121
2018-0495,Hard,105138,106298
2018-M015,Hard,105223,105936
2018-520,Clay,104925,105138
2018-560,Hard,105577,105041
2018-M010,Grass,106071,104898
2018-520,Clay,106233,100644
2018-0414,Clay,111797,106233
2018-0301,Hard,105223,133430
2018-580,Hard,104919,111797
2018-580,Hard,104542,110536
2018-0495,Hard,104291,126774
2018-M021,Clay,104919,104269
2018-M009,Clay,105676,105223
2018-520,Clay,105819,126203
2018-520,Clay,105223,103898
2018-M016,Grass,106378,104918
2018-540,Grass,105173,106426
2018-0319,Clay,111797,106148
2018-0328,Hard,126774,104871
2018-M016,Grass,105041,111815
2018-5014,Hard,105023,106043
2018-540,Grass,104571,106233
2018-M-DC-2018-WG-PO-SUI-SWE-01,Hard,105967,111197
2018-M021,Clay,133430,105683
2018-0328,Hard,105657,100644
2018-M007,Hard,111577,103852
2018-M-DC-2018-G1-EPA-M-BIH-SVK-01,Clay,105373,105806
2018-580,Hard,104678,106109
2018-M-DC-2018-G2-AO-M-PHI-INA-01,Hard,105812,106150
2018-M-DC-2018-G2-AM-M-VEN-GUA-01,Hard,105499,105467
2018-0499,Hard,105539,105385
2018-M004,Hard,106233,133430
2018-0495,Hard,104291,104898
2018-M006,Hard,105916,104678
2018-0308,Clay,111202,104897
2018-540,Grass,105453,105208
2018-0316,Clay,105643,104547
2018-7485,Hard,103852,126207
2018-560,Hard,105807,104291
2018-M-DC-2018-WG-M-USA-BEL-01,Hard,105992,105074
2018-M-DC-2018-G2-AO-M-LBN-TPE-01,Hard,202358,206000
2018-0499,Hard,105376,104545
2018-7163,Clay,104291,106210
2018-M009,Clay,105227,105332
2018-520,Clay,105676,144895
2018-M010,Grass,106421,106026
2018-6116,Hard,104022,202130
2018-6242,Hard,106421,105806
2018-560,Hard,100644,103917
2018-5014,Hard,105453,200059
2018-7485,Hard,104755,105526
2018-560,Hard,105550,103893
2018-560,Hard,111513,104919
2018-6116,Hard,104545,105992
2018-0414,Clay,105807,104252
2018-0352,Hard,106233,104468
2018-0360,Clay,104665,105311
2018-M007,Hard,104198,105815
2018-580,Hard,105311,104460
2018-M-DC-2018-G2-EPA-M-ROU-LUX-01,Hard,105657,111167
2018-0499,Hard,126203,104022
2018-M004,Hard,105223,103970
2018-M006,Hard,105065,111513
2018-M-DC-2018-G2-EPA-M-ROU-MAR-01,Hard,202210,206642
2018-M021,Clay,104745,106043
2018-520,Clay,105477,106071
2018-7581,Hard,105074,104999
2018-0352,Hard,111575,106233
2018-0421,Hard,104269,105376
2018-6967,Hard,104678,104198
2018-7696,Hard,126774,200282
2018-0421,Hard,104731,105539
2018-M006,Hard,105732,104468
2018-0360,Clay,105063,105238
2018-M007,Hard,105227,105732
2018-0891,Hard,105916,106044
2018-580,Hard,106043,105583
2018-M-DC-2018-G2-EPA-M-TUR-ZIM-01,Hard,124126,200250
2018-0499,Hard,126207,105223
2018-7163,Clay,106121,104871
2018-M009,Clay,105807,105379
2018-520,Clay,106065,105657
2018-540,Grass,105683,110602
2018-6242,Hard,105819,105430
2018-0315,Grass,104534,106071
2018-0315,Grass,106368,105577
2018-M010,Grass,111456,106109
2018-560,Hard,105227,200282
2018-7163,Clay,104291,105227
2018-M020,Hard,106401,105992
2018-M-DC-2018-G2-EPA-M-TUR-ZIM-01,Hard,111761,123795
2018-0499,Hard,124187,106058
2018-0496,Hard,105936,105311
2018-M004,Hard,104731,105173
2018-M021,Clay,100644,104545
2018-520,Clay,144719,103970
2018-540,Grass,104731,104792
2018-M035,Hard,200282,104918
2018-0429,Hard,104259,104269
2018-560,Hard,105223,104545
2018-7485,Hard,106043,111815
2018-M009,Clay,105379,104180
2018-0337,Hard,105453,106233
2018-0495,Hard,106298,105208
2018-M035,Hard,106298,104672
2018-0319,Clay,144719,106121
2018-7650,Grass,104882,104571
2018-M009,Clay,105379,104731
2018-0352,Hard,104468,106298
2018-M035,Hard,104918,106378
2018-7163,Clay,106121,105379
2018-M-DC-2018-G2-AM-M-VEN-URU-01,Clay,106175,105899
2018-M006,Hard,104792,105051
2018-M-DC-2018-G2-AO-M-LBN-TPE-01,Hard,104251,134114
2018-M-DC-2018-G2-EPA-M-TUN-FIN-01,Hard,105349,121411
2018-0506,Clay,104919,104297
2018-0407,Hard,106421,104180
2018-M004,Hard,111202,124014
2018-0495,Hard,105138,105732
2018-0308,Clay,105870,104571
2018-0316,Clay,104755,134770
2018-M024,Hard,105676,104731
2018-0329,Hard,133430,111202
2018-6242,Hard,104198,104571
2018-0605,Hard,100644,104545
2018-560,Hard,106045,126610
2018-0329,Hard,106421,133430
2018-6242,Hard,105819,105916
2018-560,Hard,111202,105575
2018-0410,Clay,111575,106423
2018-0425,Clay,106216,106072
2018-580,Hard,104468,105657
2018-580,Hard,104180,105643
2018-0375,Hard,105357,105216
2018-0506,Clay,105583,105487
2018-M007,Hard,104545,106210
2018-M021,Clay,133430,106378
2018-0500,Grass,104259,105916
2018-540,Grass,105526,104919
2018-M-DC-2018-WG-PO-AUT-AUS-01,Clay,106233,111442
2018-560,Hard,106401,105430
2018-0314,Clay,105132,105487
2018-M024,Hard,104527,105916
2018-560,Hard,104925,105815
2018-0341,Hard,105430,105916
2018-M004,Hard,111577,105051
2018-0495,Hard,105936,105539
2018-0360,Clay,104755,104198
2018-0891,Hard,104898,104882
2018-580,Hard,105074,106298
2018-M-DC-2018-G1-EPA-M-UKR-SWE-01,Hard,111200,105085
2018-M-DC-2018-WG-M-USA-SRB-01,Clay,105023,111513
2018-M-DC-2018-G2-AO-M-IRI-HKG-01,Hard,134217,200401
2018-0506,Clay,105550,106044
2018-0424,Hard,104534,105932
2018-0605,Hard,105227,104545
2018-6967,Hard,106415,111815
2018-0421,Hard,104745,111575
2018-7581,Hard,105311,105065
2018-540,Grass,104468,105932
2018-6242,Hard,106121,105357
2018-M015,Hard,104926,105430
2018-520,Clay,106043,123921
2018-580,Hard,104655,104022
2018-0407,Hard,103819,104312
2018-M007,Hard,126207,106044
2018-M021,Clay,104731,105583
2018-M009,Clay,105223,126774
2018-0322,Clay,104926,111511
2018-540,Grass,104545,126774
2018-M035,Hard,100644,105453
2018-M024,Hard,105023,104545
2018-6242,Hard,105526,105332
2018-0308,Clay,105138,134770
2018-M015,Hard,105932,106378
2018-M014,Hard,105173,106348
2018-560,Hard,132283,104180
2018-0315,Grass,106368,106045
2018-0429,Hard,104545,105815
2018-M007,Hard,111581,105138
2018-M-DC-2018-G1-EPA-M-POR-SWE-01,Hard,105311,144707
2018-7163,Clay,111513,103893
2018-580,Hard,104797,105732
2018-0506,Clay,105643,105671
2018-0499,Hard,126207,111202
2018-M004,Hard,103852,106423
2018-M006,Hard,104919,103607
2018-M009,Clay,104926,105376
2018-0322,Clay,105916,105077
2018-540,Grass,110602,105166
2018-0439,Clay,104898,105373
2018-0568,Hard,105550,125802
2018-0328,Hard,105208,106058
2018-520,Clay,105676,104898
2018-M024,Hard,104731,104871
2018-540,Grass,111575,103970
2018-M024,Hard,106401,106432
2018-0328,Hard,103819,106421
2018-M016,Grass,105449,106421
2018-0341,Hard,105932,104932
